project_path,project_type,build_method,target_framework,unity_version,note,host_dotnet_version,host_msbuild_version,host_unity_version
E:\1_my_project\dataset\repos\3Glasses_UnitySDK,unity,unity,,5.4.5f1,,9.0.302,Unknown,Unknown
E:\1_my_project\dataset\repos\AdGoBye_AdGoBye\AdGoBye\AdGoBye.csproj,dotnet_project,dotnet,net8.0,,,9.0.302,Unknown,Unknown
E:\1_my_project\dataset\repos\AdGoBye_AdGoBye\AdGoBye.ExamplePlugin\AdGoBye.ExamplePlugin.csproj,dotnet_project,dotnet,net8.0,,,9.0.302,Unknown,Unknown
E:\1_my_project\dataset\repos\AdGoBye_AdGoBye\AdGoBye.Plugins\AdGoBye.Plugins.csproj,dotnet_project,dotnet,net8.0,,,9.0.302,Unknown,Unknown
E:\1_my_project\dataset\repos\AdGoBye_AdGoBye\AdGoBye.Tests\AdGoBye.Tests.csproj,dotnet_project,dotnet,net8.0,,,9.0.302,Unknown,Unknown
E:\1_my_project\dataset\repos\AdGoBye_AdGoBye\AdGoBye.Types\AdGoBye.Types.csproj,dotnet_project,dotnet,net8.0,,,9.0.302,Unknown,Unknown
E:\1_my_project\dataset\repos\aestheticinteractive_Hover-UI-Kit\Unity,unity,unity,,2017.3.1f1,,9.0.302,Unknown,Unknown
E:\1_my_project\dataset\repos\aggie-coding-club_the-brute-vr,unity,unity,,2021.3.10f1,,9.0.302,Unknown,Unknown
E:\1_my_project\dataset\repos\alanbrilliant_MolecularZoo,unity,unity,,2019.4.0f1,,9.0.302,Unknown,Unknown
E:\1_my_project\dataset\repos\alanbrilliant_MolecularZoo\RBVI Vive.csproj,dotnet_project,unknown,,,,9.0.302,Unknown,Unknown
E:\1_my_project\dataset\repos\alanbrilliant_MolecularZoo\RBVI Vive.Editor.csproj,dotnet_project,unknown,,,,9.0.302,Unknown,Unknown
E:\1_my_project\dataset\repos\alexnaraghi_clash-of-clones,unity,unity,,5.5.0f3,,9.0.302,Unknown,Unknown
E:\1_my_project\dataset\repos\alvinquach_jpl-trek-vr,unity,unity,,2018.3.5f1,,9.0.302,Unknown,Unknown
E:\1_my_project\dataset\repos\ameliacode_ColoringPotVR,unity,unity,,2019.3.13f1,,9.0.302,Unknown,Unknown
E:\1_my_project\dataset\repos\AmigoCap_ReViVD\ReViVD,unity,unity,,2019.1.9f1,,9.0.302,Unknown,Unknown
E:\1_my_project\dataset\repos\AndreasRoither_Virtual-interaction-library\VRIL,unity,unity,,2019.3.10f1,,9.0.302,Unknown,Unknown
E:\1_my_project\dataset\repos\arm0ky0_SteamVR_Toolkit_Unity,unity,unity,,,,9.0.302,Unknown,Unknown
E:\1_my_project\dataset\repos\augcog_ISAACS_Interface,unity,unity,,2017.4.32f1,,9.0.302,Unknown,Unknown
E:\1_my_project\dataset\repos\aura-hull_AuraVRGame\Aura VR,unity,unity,,2018.3.14f1,,9.0.302,Unknown,Unknown
E:\1_my_project\dataset\repos\Auros_SiraUtil\SiraUtil\SiraUtil.csproj,dotnet_project,dotnet,net472,,,9.0.302,Unknown,Unknown
E:\1_my_project\dataset\repos\Auros_SiraUtil\SiraUtil.Suite\SiraUtil.Suite.csproj,dotnet_project,dotnet,net472,,,9.0.302,Unknown,Unknown
E:\1_my_project\dataset\repos\azb_UnityVRTutorialMaker\UnityVRTutorialMaker,unity,unity,,2018.4.6f1,,9.0.302,Unknown,Unknown
E:\1_my_project\dataset\repos\Barliesque_HandsOnVR\HandsOnVR.Unity,unity,unity,,2019.1.1f1,,9.0.302,Unknown,Unknown
E:\1_my_project\dataset\repos\benaclejames_VRCFaceTracking\VRCFaceTracking\VRCFaceTracking.csproj,dotnet_project,unknown,,,,9.0.302,Unknown,Unknown
E:\1_my_project\dataset\repos\benaclejames_VRCFaceTracking\ALVRTrackingInterface\ALVRTrackingInterface.csproj,dotnet_project,unknown,,,,9.0.302,Unknown,Unknown
E:\1_my_project\dataset\repos\benaclejames_VRCFaceTracking\SRanipalExtTrackingModule\SRanipalExtTrackingModule.csproj,dotnet_project,unknown,,,,9.0.302,Unknown,Unknown
E:\1_my_project\dataset\repos\benaclejames_VRCFaceTracking\VRCFT Module Example\VRCFT Module Example.csproj,dotnet_project,unknown,,,,9.0.302,Unknown,Unknown
E:\1_my_project\dataset\repos\BioMotionLab_TUX\BML_TUX_Project,unity,unity,,2020.3.26f1,,9.0.302,Unknown,Unknown
E:\1_my_project\dataset\repos\BIVROST_360PlayerWindows\360Player\360Player.csproj,dotnet_project,unknown,,,,9.0.302,Unknown,Unknown
E:\1_my_project\dataset\repos\BIVROST_360PlayerWindows\360Player.Test\360Player.Test.csproj,dotnet_project,unknown,,,,9.0.302,Unknown,Unknown
E:\1_my_project\dataset\repos\BIVROST_360PlayerWindows\3Dconnexion-driver-master\3DconnexionDriver.csproj,dotnet_project,unknown,,,,9.0.302,Unknown,Unknown
E:\1_my_project\dataset\repos\BIVROST_360PlayerWindows\BivrostAnalytics\BivrostAnalytics.csproj,dotnet_project,unknown,,,,9.0.302,Unknown,Unknown
E:\1_my_project\dataset\repos\BIVROST_360PlayerWindows\MOTD.Test\MOTD.Test.csproj,dotnet_project,unknown,,,,9.0.302,Unknown,Unknown
E:\1_my_project\dataset\repos\BIVROST_360PlayerWindows\OculusWrap\OculusWrap.csproj,dotnet_project,unknown,,,,9.0.302,Unknown,Unknown
E:\1_my_project\dataset\repos\BIVROST_360PlayerWindows\PlayerRemote\PlayerRemote.csproj,dotnet_project,unknown,,,,9.0.302,Unknown,Unknown
E:\1_my_project\dataset\repos\BOLL7708_OpenVRNotificationPipe\OpenVROverlayPipe\OpenVROverlayPipe.csproj,dotnet_project,dotnet,net8.0-windows,,,9.0.302,Unknown,Unknown
E:\1_my_project\dataset\repos\brandonmousseau_vhvr-mod\Unity\ValheimVR,unity,unity,,2019.4.21f1,,9.0.302,Unknown,Unknown
E:\1_my_project\dataset\repos\brandonmousseau_vhvr-mod\ValheimVRMod\ValheimVRMod.csproj,dotnet_project,dotnet,net46,,,9.0.302,Unknown,Unknown
E:\1_my_project\dataset\repos\CallumHoughton18_ChemViewAR,unity,unity,,2017.4.6f1,,9.0.302,Unknown,Unknown
E:\1_my_project\dataset\repos\CallumHoughton18_ChemViewAR\ChemView AR,unity,unity,,2017.4.6f1,,9.0.302,Unknown,Unknown
E:\1_my_project\dataset\repos\ChanyaVRC_VRCOscLib\src\Sample\AvatarParameterSender\AvatarParameterSender.csproj,dotnet_project,dotnet,net9.0-windows,,,9.0.302,Unknown,Unknown
E:\1_my_project\dataset\repos\ChanyaVRC_VRCOscLib\src\Sample\ChatboxSender\ChatboxSender.csproj,dotnet_project,dotnet,net9.0,,,9.0.302,Unknown,Unknown
E:\1_my_project\dataset\repos\ChanyaVRC_VRCOscLib\src\Sample\ExpressionAvatarChanger\ExpressionAvatarChanger.csproj,dotnet_project,dotnet,net9.0-windows,,,9.0.302,Unknown,Unknown
E:\1_my_project\dataset\repos\ChanyaVRC_VRCOscLib\src\Sample\GuiController\GuiController.csproj,dotnet_project,dotnet,net9.0-windows,,,9.0.302,Unknown,Unknown
E:\1_my_project\dataset\repos\ChanyaVRC_VRCOscLib\src\Sample\LogAvatarParametars\LogAvatarParametars.csproj,dotnet_project,dotnet,net9.0,,,9.0.302,Unknown,Unknown
E:\1_my_project\dataset\repos\ChanyaVRC_VRCOscLib\src\VRCOscLib\Tests\vrcosclib.OscUtilityInitialize.Test\vrcosclib.OscUtilityInitialize.Test.csproj,dotnet_project,dotnet,net9.0,,,9.0.302,Unknown,Unknown
E:\1_my_project\dataset\repos\ChanyaVRC_VRCOscLib\src\VRCOscLib\Tests\vrcosclib.Test\vrcosclib.Test.csproj,dotnet_project,dotnet,net9.0,,,9.0.302,Unknown,Unknown
E:\1_my_project\dataset\repos\ChanyaVRC_VRCOscLib\src\VRCOscLib\VRCOscLib\vrcosclib.csproj,dotnet_project,dotnet,,,,9.0.302,Unknown,Unknown
E:\1_my_project\dataset\repos\chychen_air_writing\recognition\src\VR\AirWriting,unity,unity,,5.5.2f1,,9.0.302,Unknown,Unknown
E:\1_my_project\dataset\repos\CircuitLord_NotReaper,unity,unity,,2019.2.21f1,,9.0.302,Unknown,Unknown
E:\1_my_project\dataset\repos\cjb3768_VR-Fearless\Unity,unity,unity,,5.3.1f1,,9.0.302,Unknown,Unknown
E:\1_my_project\dataset\repos\cog-ethz_EVE,unity,unity,,2018.4.21f1,,9.0.302,Unknown,Unknown
E:\1_my_project\dataset\repos\comp159-fall17_final-project-prefabulous,unity,unity,,2017.2.0f3,,9.0.302,Unknown,Unknown
E:\1_my_project\dataset\repos\concord-consortium_CEASAR,unity,unity,,2019.4.18f1,,9.0.302,Unknown,Unknown
E:\1_my_project\dataset\repos\createthis_createthis_vr_ui,unity,unity,,5.6.1f1,,9.0.302,Unknown,Unknown
E:\1_my_project\dataset\repos\dakyneko_DakyModsCVR\ActionMenu\ActionMenu.csproj,dotnet_project,dotnet,,,,9.0.302,Unknown,Unknown
E:\1_my_project\dataset\repos\dakyneko_DakyModsCVR\ActionMenuAvatarsList\ActionMenuAvatarsList.csproj,dotnet_project,dotnet,,,,9.0.302,Unknown,Unknown
E:\1_my_project\dataset\repos\dakyneko_DakyModsCVR\ActionMenuExampleMod\ActionMenuExampleMod.csproj,dotnet_project,dotnet,,,,9.0.302,Unknown,Unknown
E:\1_my_project\dataset\repos\dakyneko_DakyModsCVR\CameraInstants\CameraInstants.csproj,dotnet_project,dotnet,,,,9.0.302,Unknown,Unknown
E:\1_my_project\dataset\repos\dakyneko_DakyModsCVR\CameraRemote\CameraRemote.csproj,dotnet_project,dotnet,,,,9.0.302,Unknown,Unknown
E:\1_my_project\dataset\repos\dakyneko_DakyModsCVR\CameraStar\CameraStar.csproj,dotnet_project,dotnet,,,,9.0.302,Unknown,Unknown
E:\1_my_project\dataset\repos\dakyneko_DakyModsCVR\LagFreeScreenshots\LagFreeScreenshots.csproj,dotnet_project,dotnet,,,,9.0.302,Unknown,Unknown
E:\1_my_project\dataset\repos\dakyneko_DakyModsCVR\MiniMap\MiniMap.csproj,dotnet_project,dotnet,,,,9.0.302,Unknown,Unknown
E:\1_my_project\dataset\repos\dakyneko_DakyModsCVR\NoIntro\NoIntro.csproj,dotnet_project,dotnet,,,,9.0.302,Unknown,Unknown
E:\1_my_project\dataset\repos\dakyneko_DakyModsCVR\PetAI\PetAI.csproj,dotnet_project,dotnet,,,,9.0.302,Unknown,Unknown
E:\1_my_project\dataset\repos\dakyneko_DakyModsCVR\VRBinding\VRBinding.csproj,dotnet_project,dotnet,,,,9.0.302,Unknown,Unknown
E:\1_my_project\dataset\repos\danielcolinjames_Terminal\Terminal,unity,unity,,5.6.0f3,,9.0.302,Unknown,Unknown
E:\1_my_project\dataset\repos\danielcolinjames_Terminal\VR Samples,unity,unity,,5.5.0f3,,9.0.302,Unknown,Unknown
E:\1_my_project\dataset\repos\dantman_elite-vr-cockpit,unity,unity,,2019.2.19f1,,9.0.302,Unknown,Unknown
E:\1_my_project\dataset\repos\DaXcess_LCVR\LCVR.csproj,dotnet_project,dotnet,netstandard2.1,,,9.0.302,Unknown,Unknown
E:\1_my_project\dataset\repos\DaXcess_LCVR\Preloader\LCVR.Preload.csproj,dotnet_project,dotnet,netstandard2.1,,,9.0.302,Unknown,Unknown
E:\1_my_project\dataset\repos\ddoak_peppy,unity,unity,,2018.3.5f1,,9.0.302,Unknown,Unknown
E:\1_my_project\dataset\repos\deanstein_CinderellaCityProject\CinderellaCitySimulation,unity,unity,,2019.1.9f1,,9.0.302,Unknown,Unknown
E:\1_my_project\dataset\repos\demonixis_C3DE\C3DE\C3DE.Android.csproj,dotnet_project,dotnet,net6.0,,,9.0.302,Unknown,Unknown
E:\1_my_project\dataset\repos\demonixis_C3DE\C3DE\C3DE.csproj,dotnet_project,dotnet,net6.0-windows,,,9.0.302,Unknown,Unknown
E:\1_my_project\dataset\repos\demonixis_C3DE\C3DE\C3DE.Desktop.csproj,dotnet_project,dotnet,net6.0,,,9.0.302,Unknown,Unknown
E:\1_my_project\dataset\repos\demonixis_C3DE\C3DE.Demo\Morrowind\C3DE.Morrowind.csproj,dotnet_project,dotnet,net6.0-windows,,,9.0.302,Unknown,Unknown
E:\1_my_project\dataset\repos\demonixis_C3DE\C3DE.Demo\Shared\C3DE.Demo.Android.csproj,dotnet_project,dotnet,net6.0,,,9.0.302,Unknown,Unknown
E:\1_my_project\dataset\repos\demonixis_C3DE\C3DE.Demo\Shared\C3DE.Demo.csproj,dotnet_project,dotnet,net6.0-windows,,,9.0.302,Unknown,Unknown
E:\1_my_project\dataset\repos\demonixis_C3DE\C3DE.Demo\Shared\C3DE.Demo.Desktop.csproj,dotnet_project,dotnet,net6.0,,,9.0.302,Unknown,Unknown
E:\1_my_project\dataset\repos\demonixis_C3DE\C3DE.Demo\Windows\C3DE.DemoGame.csproj,dotnet_project,dotnet,net6.0-windows,,,9.0.302,Unknown,Unknown
E:\1_my_project\dataset\repos\demonixis_C3DE\C3DE.Demo\Windows\C3DE.DemoGame.Desktop.csproj,dotnet_project,dotnet,net6.0,,,9.0.302,Unknown,Unknown
E:\1_my_project\dataset\repos\demonixis_C3DE\C3DE.Editor\C3DE.Editor.csproj,dotnet_project,dotnet,net6.0-windows,,,9.0.302,Unknown,Unknown
E:\1_my_project\dataset\repos\demonixis_C3DE\C3DE.Editor\C3DE.Editor.Desktop.csproj,dotnet_project,dotnet,net6.0,,,9.0.302,Unknown,Unknown
E:\1_my_project\dataset\repos\demonixis_C3DE\C3DE.GwenUI\C3DE.GwenUI.csproj,dotnet_project,dotnet,net6.0-windows,,,9.0.302,Unknown,Unknown
E:\1_my_project\dataset\repos\demonixis_C3DE\C3DE.GwenUI\C3DE.GwenUI.Desktop.csproj,dotnet_project,dotnet,net6.0,,,9.0.302,Unknown,Unknown
E:\1_my_project\dataset\repos\dioram_Elektronik,unity,unity,,2020.2.6f1,,9.0.302,Unknown,Unknown
E:\1_my_project\dataset\repos\dioram_Elektronik\Examples\csharp\csharp.Tests\csharp.Tests.csproj,dotnet_project,dotnet,netcoreapp3.1,,,9.0.302,Unknown,Unknown
E:\1_my_project\dataset\repos\dioram_Elektronik\plugins\Protobuf\Protobuf.csproj,dotnet_project,dotnet,netstandard2.0,,,9.0.302,Unknown,Unknown
E:\1_my_project\dataset\repos\dioram_Elektronik\plugins\Protobuf.Tests\Protobuf.Tests.csproj,dotnet_project,unknown,,,,9.0.302,Unknown,Unknown
E:\1_my_project\dataset\repos\dioram_Elektronik-Tools-2.0,unity,unity,,2021.1.17f1,,9.0.302,Unknown,Unknown
E:\1_my_project\dataset\repos\dioram_Elektronik-Tools-2.0\plugins\ContextMenuSetter\ContextMenuSetter.csproj,dotnet_project,dotnet,net5.0,,,9.0.302,Unknown,Unknown
E:\1_my_project\dataset\repos\dioram_Elektronik-Tools-2.0\plugins\Protobuf\Protobuf.csproj,dotnet_project,dotnet,netstandard2.0,,,9.0.302,Unknown,Unknown
E:\1_my_project\dataset\repos\dioram_Elektronik-Tools-2.0\plugins\Protobuf.Tests.Elektronik\Protobuf.Tests.Elektronik.csproj,dotnet_project,dotnet,net5.0,,,9.0.302,Unknown,Unknown
E:\1_my_project\dataset\repos\dioram_Elektronik-Tools-2.0\plugins\Protobuf.Tests.Internal\Protobuf.Tests.Internal.csproj,dotnet_project,dotnet,net5.0,,,9.0.302,Unknown,Unknown
E:\1_my_project\dataset\repos\dioram_Elektronik-Tools-2.0\plugins\Ros\Ros.csproj,dotnet_project,dotnet,netstandard2.0,,,9.0.302,Unknown,Unknown
E:\1_my_project\dataset\repos\dioram_Elektronik-Tools-2.0\plugins\Ros.Exporter\Ros.Exporter.csproj,dotnet_project,dotnet,netcoreapp3.1,,,9.0.302,Unknown,Unknown
E:\1_my_project\dataset\repos\dioram_Elektronik-Tools-2.0\plugins\Ros.Tests\Ros.Tests.csproj,dotnet_project,dotnet,net5.0,,,9.0.302,Unknown,Unknown
E:\1_my_project\dataset\repos\dioram_Elektronik-Tools-2.0\plugins\RosMessageParserGenerator\RosMessageParserGenerator.csproj,dotnet_project,dotnet,netstandard2.0,,,9.0.302,Unknown,Unknown
E:\1_my_project\dataset\repos\dioram_Elektronik-Tools-2.0\plugins\Updater\Updater.csproj,dotnet_project,dotnet,netcoreapp3.1,,,9.0.302,Unknown,Unknown
E:\1_my_project\dataset\repos\dooly123_Basis\Basis,unity,unity,,6000.0.46f1,,9.0.302,Unknown,Unknown
E:\1_my_project\dataset\repos\dooly123_Basis\Basis Server\BasisNetworkClient\BasisNetworkClient.csproj,dotnet_project,dotnet,,,,9.0.302,Unknown,Unknown
E:\1_my_project\dataset\repos\dooly123_Basis\Basis Server\BasisNetworkClientConsole\BasisNetworkClientConsole\BasisNetworkClientConsole.csproj,dotnet_project,dotnet,net9.0,,,9.0.302,Unknown,Unknown
E:\1_my_project\dataset\repos\dooly123_Basis\Basis Server\BasisNetworkCore\BasisNetworkCore.csproj,dotnet_project,dotnet,,,,9.0.302,Unknown,Unknown
E:\1_my_project\dataset\repos\dooly123_Basis\Basis Server\BasisNetworkServer\BasisNetworkServer.csproj,dotnet_project,dotnet,,,,9.0.302,Unknown,Unknown
E:\1_my_project\dataset\repos\dooly123_Basis\Basis Server\BasisPrometheus\BasisPrometheus.csproj,dotnet_project,dotnet,net9.0,,,9.0.302,Unknown,Unknown
E:\1_my_project\dataset\repos\dooly123_Basis\Basis Server\BasisServerConsole\BasisNetworkConsole.csproj,dotnet_project,dotnet,net9.0,,,9.0.302,Unknown,Unknown
E:\1_my_project\dataset\repos\dooly123_Basis\Basis Server\Contrib\Auth\Did\Did.csproj,dotnet_project,dotnet,netstandard2.1,,,9.0.302,Unknown,Unknown
E:\1_my_project\dataset\repos\dooly123_Basis\Basis Server\Contrib\Auth\Did.Tests\Tests.csproj,dotnet_project,dotnet,net9.0,,,9.0.302,Unknown,Unknown
E:\1_my_project\dataset\repos\dooly123_Basis\Basis Server\Contrib\Crypto\Crypto.csproj,dotnet_project,dotnet,netstandard2.1,,,9.0.302,Unknown,Unknown
E:\1_my_project\dataset\repos\dooly123_Basis\Basis Server\Contrib\Crypto.Tests\Tests.csproj,dotnet_project,dotnet,net9.0,,,9.0.302,Unknown,Unknown
E:\1_my_project\dataset\repos\dooly123_Basis\Basis Server\Contrib\Handles\Common\Common.csproj,dotnet_project,dotnet,netstandard2.1,,,9.0.302,Unknown,Unknown
E:\1_my_project\dataset\repos\dooly123_Basis\Basis Server\Contrib\Handles\Dns\Dns.csproj,dotnet_project,dotnet,netstandard2.1,,,9.0.302,Unknown,Unknown
E:\1_my_project\dataset\repos\dooly123_Basis\Basis Server\Contrib\Handles\Dns.Tests\Tests.csproj,dotnet_project,dotnet,net9.0,,,9.0.302,Unknown,Unknown
E:\1_my_project\dataset\repos\dooly123_Basis\Basis Server\LiteNetLib\LiteNetLib.csproj,dotnet_project,dotnet,,,,9.0.302,Unknown,Unknown
E:\1_my_project\dataset\repos\DrBibop_RoR2VRMod\RoR2VRMod\VRMod.csproj,dotnet_project,dotnet,netstandard2.1,,,9.0.302,Unknown,Unknown
E:\1_my_project\dataset\repos\DrBibop_RoR2VRMod\VRAPI\VRAPI.csproj,dotnet_project,dotnet,netstandard2.1,,,9.0.302,Unknown,Unknown
E:\1_my_project\dataset\repos\DrBibop_RoR2VRMod\VREnabler\VRPatcher.csproj,dotnet_project,dotnet,netstandard2.0,,,9.0.302,Unknown,Unknown
E:\1_my_project\dataset\repos\drew-thompson_flori-vr,unity,unity,,2017.2.0f3,,9.0.302,Unknown,Unknown
E:\1_my_project\dataset\repos\DSprtn_GTFO_VR_Plugin\GTFO_VR\GTFO_VR.csproj,dotnet_project,dotnet,net6.0,,,9.0.302,Unknown,Unknown
E:\1_my_project\dataset\repos\Eclmist_Snowfield-VR,unity,unity,,5.6.1f1,,9.0.302,Unknown,Unknown
E:\1_my_project\dataset\repos\edwonedwon_VR-Infinite-Gesture\Unity,unity,unity,,,,9.0.302,Unknown,Unknown
E:\1_my_project\dataset\repos\EliaFantini_RocketMan-a-VR-videogame-created-with-Unity\CS-440,unity,unity,,2020.3.32f1,,9.0.302,Unknown,Unknown
E:\1_my_project\dataset\repos\Eusth_VRGIN\VRGIN\VRGIN.csproj,dotnet_project,unknown,,,,9.0.302,Unknown,Unknown
E:\1_my_project\dataset\repos\Eusth_VRGIN\VRGIN\VRGIN.U46.csproj,dotnet_project,unknown,,,,9.0.302,Unknown,Unknown
E:\1_my_project\dataset\repos\ExtendRealityLtd_VRTK,unity,unity,,2020.3.33f1,,9.0.302,Unknown,Unknown
E:\1_my_project\dataset\repos\Faceplant-Games_epicslash,unity,unity,,,,9.0.302,Unknown,Unknown
E:\1_my_project\dataset\repos\Facepunch_sbox-tabletennis-vr,unity,unity,,,,9.0.302,Unknown,Unknown
E:\1_my_project\dataset\repos\FarahKamleh_Group4.Project3\Project 428.P3.Group 4,unity,unity,,2021.3.6f1,,9.0.302,Unknown,Unknown
E:\1_my_project\dataset\repos\FireEmerald_VRLabyrinth\vrlab,unity,unity,,2018.3.14f1,,9.0.302,Unknown,Unknown
E:\1_my_project\dataset\repos\fralvarezz_Intention-Prediction-VR-DNN,unity,unity,,2020.3.20f1,,9.0.302,Unknown,Unknown
E:\1_my_project\dataset\repos\framefield_vr-annotate,unity,unity,,2017.1.0p4,,9.0.302,Unknown,Unknown
E:\1_my_project\dataset\repos\fufjvnvnf_NYVRHack,unity,unity,,5.5.1f1,,9.0.302,Unknown,Unknown
E:\1_my_project\dataset\repos\futurerealitylab_Holojam\Holojam,unity,unity,,5.3.5f1,,9.0.302,Unknown,Unknown
E:\1_my_project\dataset\repos\GameLabGraz_Maroon\unity,unity,unity,,2022.3.33f1,,9.0.302,Unknown,Unknown
E:\1_my_project\dataset\repos\gatosyocora_VRCAvatarEditor,unity,unity,,2018.4.20f1,,9.0.302,Unknown,Unknown
E:\1_my_project\dataset\repos\gatosyocora_VRCPhotoAlbum\VRCPhotoAlbum\VRCPhotoAlbum.csproj,dotnet_project,dotnet,netcoreapp3.1,,,9.0.302,Unknown,Unknown
E:\1_my_project\dataset\repos\gatosyocora_VRCPhotoAlbum\VRCPhotoAlbumTest\VRCPhotoAlbumTest.csproj,dotnet_project,dotnet,netcoreapp3.1,,,9.0.302,Unknown,Unknown
E:\1_my_project\dataset\repos\Geetchopra_TheGameOfPoles\TheGame,unity,unity,,2018.3.3f1,,9.0.302,Unknown,Unknown
E:\1_my_project\dataset\repos\Geetchopra_TheGameOfPoles\TheGame\Assembly-CSharp-Editor-firstpass.csproj,dotnet_project,unknown,,,,9.0.302,Unknown,Unknown
E:\1_my_project\dataset\repos\Geetchopra_TheGameOfPoles\TheGame\Assembly-CSharp-Editor.csproj,dotnet_project,unknown,,,,9.0.302,Unknown,Unknown
E:\1_my_project\dataset\repos\Geetchopra_TheGameOfPoles\TheGame\Assembly-CSharp-firstpass.csproj,dotnet_project,unknown,,,,9.0.302,Unknown,Unknown
E:\1_my_project\dataset\repos\Geetchopra_TheGameOfPoles\TheGame\Assembly-CSharp.csproj,dotnet_project,unknown,,,,9.0.302,Unknown,Unknown
E:\1_my_project\dataset\repos\Geetchopra_TheGameOfPoles\TheGame\SteamVR.csproj,dotnet_project,unknown,,,,9.0.302,Unknown,Unknown
E:\1_my_project\dataset\repos\Geetchopra_TheGameOfPoles\TheGame\SteamVR_Editor.csproj,dotnet_project,unknown,,,,9.0.302,Unknown,Unknown
E:\1_my_project\dataset\repos\Geetchopra_TheGameOfPoles\TheGame\SteamVR_Input_Editor.csproj,dotnet_project,unknown,,,,9.0.302,Unknown,Unknown
E:\1_my_project\dataset\repos\Geetchopra_TheGameOfPoles\TheGame\SteamVR_Windows_EditorHelper.csproj,dotnet_project,unknown,,,,9.0.302,Unknown,Unknown
E:\1_my_project\dataset\repos\giveaphuk_SteamVR_Unity_Toolkit,unity,unity,,5.3.5f1,,9.0.302,Unknown,Unknown
E:\1_my_project\dataset\repos\gompocp_VRChatMods\ActionMenuUtils\ActionMenuUtils.csproj,dotnet_project,dotnet,net472,,,9.0.302,Unknown,Unknown
E:\1_my_project\dataset\repos\gompocp_VRChatMods\IntegrityCheckGenerator\IntegrityCheckGenerator.csproj,dotnet_project,dotnet,netstandard2.0,,,9.0.302,Unknown,Unknown
E:\1_my_project\dataset\repos\gompocp_VRChatMods\IntegrityCheckWeaver\IntegrityCheckWeaver.csproj,dotnet_project,dotnet,net472,,,9.0.302,Unknown,Unknown
E:\1_my_project\dataset\repos\gompocp_VRChatMods\StandaloneThirdPerson\StandaloneThirdPerson.csproj,dotnet_project,dotnet,net472,,,9.0.302,Unknown,Unknown
E:\1_my_project\dataset\repos\gompocp_VRChatMods\UpdateChecker\UpdateChecker.csproj,dotnet_project,dotnet,net472,,,9.0.302,Unknown,Unknown
E:\1_my_project\dataset\repos\gompocp_VRChatMods\WorldPredownload\WorldPredownload.csproj,dotnet_project,dotnet,net472,,,9.0.302,Unknown,Unknown
E:\1_my_project\dataset\repos\Gothic-UnZENity-Project_Gothic-UnZENity,unity,unity,,2022.3.30f1,,9.0.302,Unknown,Unknown
E:\1_my_project\dataset\repos\gpvigano_VRTK-GearVR-Test,unity,unity,,,,9.0.302,Unknown,Unknown
E:\1_my_project\dataset\repos\HalcyonGrid_halcyon\Halcyon\Halcyon.Data.Inventory.MySQL\Halcyon.Data.Inventory.MySQL.csproj,dotnet_project,unknown,,,,9.0.302,Unknown,Unknown
E:\1_my_project\dataset\repos\HalcyonGrid_halcyon\InWorldz\Halcyon\Halcyon.csproj,dotnet_project,unknown,,,,9.0.302,Unknown,Unknown
E:\1_my_project\dataset\repos\HalcyonGrid_halcyon\InWorldz\InWorldz.ApplicationPlugins\InWorldz.ApplicationPlugins.csproj,dotnet_project,unknown,,,,9.0.302,Unknown,Unknown
E:\1_my_project\dataset\repos\HalcyonGrid_halcyon\InWorldz\InWorldz.Arbiter\InWorldz.Arbiter.csproj,dotnet_project,unknown,,,,9.0.302,Unknown,Unknown
E:\1_my_project\dataset\repos\HalcyonGrid_halcyon\InWorldz\InWorldz.Data.Assets.Stratus\InWorldz.Data.Assets.Stratus.csproj,dotnet_project,unknown,,,,9.0.302,Unknown,Unknown
E:\1_my_project\dataset\repos\HalcyonGrid_halcyon\InWorldz\InWorldz.Phlox.Engine\InWorldz.Phlox.Engine.csproj,dotnet_project,unknown,,,,9.0.302,Unknown,Unknown
E:\1_my_project\dataset\repos\HalcyonGrid_halcyon\InWorldz\InWorldz.PhysxPhysics\InWorldz.PhysxPhysics.csproj,dotnet_project,unknown,,,,9.0.302,Unknown,Unknown
E:\1_my_project\dataset\repos\HalcyonGrid_halcyon\InWorldz\InWorldz.PhysxPhysics\Tests\PhysXtest\PhysXtest\PhysXtest.csproj,dotnet_project,unknown,,,,9.0.302,Unknown,Unknown
E:\1_my_project\dataset\repos\HalcyonGrid_halcyon\InWorldz\InWorldz.Region.Data.Thoosa\InWorldz.Region.Data.Thoosa.csproj,dotnet_project,unknown,,,,9.0.302,Unknown,Unknown
E:\1_my_project\dataset\repos\HalcyonGrid_halcyon\InWorldz\InWorldz.RemoteAdmin\InWorldz.RemoteAdmin.csproj,dotnet_project,unknown,,,,9.0.302,Unknown,Unknown
E:\1_my_project\dataset\repos\HalcyonGrid_halcyon\InWorldz\InWorldz.Testing\InWorldz.Testing.csproj,dotnet_project,unknown,,,,9.0.302,Unknown,Unknown
E:\1_my_project\dataset\repos\HalcyonGrid_halcyon\InWorldz\InWorldz.VivoxVoice\InWorldz.VivoxVoice.csproj,dotnet_project,unknown,,,,9.0.302,Unknown,Unknown
E:\1_my_project\dataset\repos\HalcyonGrid_halcyon\InWorldz\JWT\InWorldz.JWT.csproj,dotnet_project,unknown,,,,9.0.302,Unknown,Unknown
E:\1_my_project\dataset\repos\HalcyonGrid_halcyon\MOSES\FreeswitchVoice\MOSES.FreeSwitchVoice.csproj,dotnet_project,unknown,,,,9.0.302,Unknown,Unknown
E:\1_my_project\dataset\repos\HalcyonGrid_halcyon\OpenSim\ApplicationPlugins\CreateCommsManager\OpenSim.ApplicationPlugins.CreateCommsManager.csproj,dotnet_project,unknown,,,,9.0.302,Unknown,Unknown
E:\1_my_project\dataset\repos\HalcyonGrid_halcyon\OpenSim\ApplicationPlugins\LoadRegions\OpenSim.ApplicationPlugins.LoadRegions.csproj,dotnet_project,unknown,,,,9.0.302,Unknown,Unknown
E:\1_my_project\dataset\repos\HalcyonGrid_halcyon\OpenSim\ApplicationPlugins\RegionModulesController\OpenSim.ApplicationPlugins.RegionModulesController.csproj,dotnet_project,unknown,,,,9.0.302,Unknown,Unknown
E:\1_my_project\dataset\repos\HalcyonGrid_halcyon\OpenSim\ApplicationPlugins\ScriptEngine\OpenSim.ApplicationPlugins.ScriptEngine.csproj,dotnet_project,unknown,,,,9.0.302,Unknown,Unknown
E:\1_my_project\dataset\repos\HalcyonGrid_halcyon\OpenSim\Base\OpenSim.Base.csproj,dotnet_project,unknown,,,,9.0.302,Unknown,Unknown
E:\1_my_project\dataset\repos\HalcyonGrid_halcyon\OpenSim\Client\Linden\OpenSim.Client.Linden.csproj,dotnet_project,unknown,,,,9.0.302,Unknown,Unknown
E:\1_my_project\dataset\repos\HalcyonGrid_halcyon\OpenSim\Data\OpenSim.Data.csproj,dotnet_project,unknown,,,,9.0.302,Unknown,Unknown
E:\1_my_project\dataset\repos\HalcyonGrid_halcyon\OpenSim\Data\MySQL\OpenSim.Data.MySQL.csproj,dotnet_project,unknown,,,,9.0.302,Unknown,Unknown
E:\1_my_project\dataset\repos\HalcyonGrid_halcyon\OpenSim\Data\MySQL\Tests\OpenSim.Data.MySQL.Tests.csproj,dotnet_project,unknown,,,,9.0.302,Unknown,Unknown
E:\1_my_project\dataset\repos\HalcyonGrid_halcyon\OpenSim\Data\Null\OpenSim.Data.Null.csproj,dotnet_project,unknown,,,,9.0.302,Unknown,Unknown
E:\1_my_project\dataset\repos\HalcyonGrid_halcyon\OpenSim\Framework\OpenSim.Framework.csproj,dotnet_project,unknown,,,,9.0.302,Unknown,Unknown
E:\1_my_project\dataset\repos\HalcyonGrid_halcyon\OpenSim\Framework\AssetLoader\Filesystem\OpenSim.Framework.AssetLoader.Filesystem.csproj,dotnet_project,unknown,,,,9.0.302,Unknown,Unknown
E:\1_my_project\dataset\repos\HalcyonGrid_halcyon\OpenSim\Framework\Communications\OpenSim.Framework.Communications.csproj,dotnet_project,unknown,,,,9.0.302,Unknown,Unknown
E:\1_my_project\dataset\repos\HalcyonGrid_halcyon\OpenSim\Framework\Configuration\HTTP\OpenSim.Framework.Configuration.HTTP.csproj,dotnet_project,unknown,,,,9.0.302,Unknown,Unknown
E:\1_my_project\dataset\repos\HalcyonGrid_halcyon\OpenSim\Framework\Configuration\XML\OpenSim.Framework.Configuration.XML.csproj,dotnet_project,unknown,,,,9.0.302,Unknown,Unknown
E:\1_my_project\dataset\repos\HalcyonGrid_halcyon\OpenSim\Framework\Console\OpenSim.Framework.Console.csproj,dotnet_project,unknown,,,,9.0.302,Unknown,Unknown
E:\1_my_project\dataset\repos\HalcyonGrid_halcyon\OpenSim\Framework\RegionLoader\Filesystem\OpenSim.Framework.RegionLoader.Filesystem.csproj,dotnet_project,unknown,,,,9.0.302,Unknown,Unknown
E:\1_my_project\dataset\repos\HalcyonGrid_halcyon\OpenSim\Framework\RegionLoader\Web\OpenSim.Framework.RegionLoader.Web.csproj,dotnet_project,unknown,,,,9.0.302,Unknown,Unknown
E:\1_my_project\dataset\repos\HalcyonGrid_halcyon\OpenSim\Framework\Serialization\OpenSim.Framework.Serialization.csproj,dotnet_project,unknown,,,,9.0.302,Unknown,Unknown
E:\1_my_project\dataset\repos\HalcyonGrid_halcyon\OpenSim\Framework\Servers\OpenSim.Framework.Servers.csproj,dotnet_project,unknown,,,,9.0.302,Unknown,Unknown
E:\1_my_project\dataset\repos\HalcyonGrid_halcyon\OpenSim\Framework\Servers\HttpServer\OpenSim.Framework.Servers.HttpServer.csproj,dotnet_project,unknown,,,,9.0.302,Unknown,Unknown
E:\1_my_project\dataset\repos\HalcyonGrid_halcyon\OpenSim\Framework\Servers\HttpServer\Tests\OpenSim.Framework.Servers.HttpServer.Tests.csproj,dotnet_project,unknown,,,,9.0.302,Unknown,Unknown
E:\1_my_project\dataset\repos\HalcyonGrid_halcyon\OpenSim\Framework\Servers\Tests\OpenSim.Framework.Servers.Tests.csproj,dotnet_project,unknown,,,,9.0.302,Unknown,Unknown
E:\1_my_project\dataset\repos\HalcyonGrid_halcyon\OpenSim\Framework\Statistics\OpenSim.Framework.Statistics.csproj,dotnet_project,unknown,,,,9.0.302,Unknown,Unknown
E:\1_my_project\dataset\repos\HalcyonGrid_halcyon\OpenSim\Framework\Tests\OpenSim.Framework.Tests.csproj,dotnet_project,unknown,,,,9.0.302,Unknown,Unknown
E:\1_my_project\dataset\repos\HalcyonGrid_halcyon\OpenSim\Grid\Framework\OpenSim.Grid.Framework.csproj,dotnet_project,unknown,,,,9.0.302,Unknown,Unknown
E:\1_my_project\dataset\repos\HalcyonGrid_halcyon\OpenSim\Grid\GridServer\OpenSim.Grid.GridServer.csproj,dotnet_project,unknown,,,,9.0.302,Unknown,Unknown
E:\1_my_project\dataset\repos\HalcyonGrid_halcyon\OpenSim\Grid\GridServer.Modules\OpenSim.Grid.GridServer.Modules.csproj,dotnet_project,unknown,,,,9.0.302,Unknown,Unknown
E:\1_my_project\dataset\repos\HalcyonGrid_halcyon\OpenSim\Grid\MessagingServer\OpenSim.Grid.MessagingServer.csproj,dotnet_project,unknown,,,,9.0.302,Unknown,Unknown
E:\1_my_project\dataset\repos\HalcyonGrid_halcyon\OpenSim\Grid\MessagingServer.Modules\OpenSim.Grid.MessagingServer.Modules.csproj,dotnet_project,unknown,,,,9.0.302,Unknown,Unknown
E:\1_my_project\dataset\repos\HalcyonGrid_halcyon\OpenSim\Grid\UserServer\OpenSim.Grid.UserServer.csproj,dotnet_project,unknown,,,,9.0.302,Unknown,Unknown
E:\1_my_project\dataset\repos\HalcyonGrid_halcyon\OpenSim\Grid\UserServer.Modules\OpenSim.Grid.UserServer.Modules.csproj,dotnet_project,unknown,,,,9.0.302,Unknown,Unknown
E:\1_my_project\dataset\repos\HalcyonGrid_halcyon\OpenSim\Region\ClientStack\OpenSim.Region.ClientStack.csproj,dotnet_project,unknown,,,,9.0.302,Unknown,Unknown
E:\1_my_project\dataset\repos\HalcyonGrid_halcyon\OpenSim\Region\ClientStack\LindenUDP\OpenSim.Region.ClientStack.LindenUDP.csproj,dotnet_project,unknown,,,,9.0.302,Unknown,Unknown
E:\1_my_project\dataset\repos\HalcyonGrid_halcyon\OpenSim\Region\Communications\Local\OpenSim.Region.Communications.Local.csproj,dotnet_project,unknown,,,,9.0.302,Unknown,Unknown
E:\1_my_project\dataset\repos\HalcyonGrid_halcyon\OpenSim\Region\Communications\OGS1\OpenSim.Region.Communications.OGS1.csproj,dotnet_project,unknown,,,,9.0.302,Unknown,Unknown
E:\1_my_project\dataset\repos\HalcyonGrid_halcyon\OpenSim\Region\CoreModules\OpenSim.Region.CoreModules.csproj,dotnet_project,unknown,,,,9.0.302,Unknown,Unknown
E:\1_my_project\dataset\repos\HalcyonGrid_halcyon\OpenSim\Region\CoreModules\OpenSim.Region.CoreModules.Tests.csproj,dotnet_project,unknown,,,,9.0.302,Unknown,Unknown
E:\1_my_project\dataset\repos\HalcyonGrid_halcyon\OpenSim\Region\CoreModules\World\Terrain\DefaultEffects\OpenSim.Region.CoreModules.World.Terrain.DefaultEffects.csproj,dotnet_project,unknown,,,,9.0.302,Unknown,Unknown
E:\1_my_project\dataset\repos\HalcyonGrid_halcyon\OpenSim\Region\Framework\OpenSim.Region.Framework.csproj,dotnet_project,unknown,,,,9.0.302,Unknown,Unknown
E:\1_my_project\dataset\repos\HalcyonGrid_halcyon\OpenSim\Region\Framework\OpenSim.Region.Framework.Tests.csproj,dotnet_project,unknown,,,,9.0.302,Unknown,Unknown
E:\1_my_project\dataset\repos\HalcyonGrid_halcyon\OpenSim\Region\FrameworkTests\OpenSim.Region.FrameworkTests.csproj,dotnet_project,unknown,,,,9.0.302,Unknown,Unknown
E:\1_my_project\dataset\repos\HalcyonGrid_halcyon\OpenSim\Region\Interfaces\OpenSim.Region.Interfaces.csproj,dotnet_project,unknown,,,,9.0.302,Unknown,Unknown
E:\1_my_project\dataset\repos\HalcyonGrid_halcyon\OpenSim\Region\OptionalModules\OpenSim.Region.OptionalModules.csproj,dotnet_project,unknown,,,,9.0.302,Unknown,Unknown
E:\1_my_project\dataset\repos\HalcyonGrid_halcyon\OpenSim\Region\Physics\BasicPhysicsPlugin\OpenSim.Region.Physics.BasicPhysicsPlugin.csproj,dotnet_project,unknown,,,,9.0.302,Unknown,Unknown
E:\1_my_project\dataset\repos\HalcyonGrid_halcyon\OpenSim\Region\Physics\ConvexDecompositionDotNet\OpenSim.Region.Physics.ConvexDecompositionDotNet.csproj,dotnet_project,unknown,,,,9.0.302,Unknown,Unknown
E:\1_my_project\dataset\repos\HalcyonGrid_halcyon\OpenSim\Region\Physics\Manager\OpenSim.Region.Physics.Manager.csproj,dotnet_project,unknown,,,,9.0.302,Unknown,Unknown
E:\1_my_project\dataset\repos\HalcyonGrid_halcyon\OpenSim\Region\Physics\Meshing\OpenSim.Region.Physics.Meshing.csproj,dotnet_project,unknown,,,,9.0.302,Unknown,Unknown
E:\1_my_project\dataset\repos\HalcyonGrid_halcyon\OpenSim\Region\ScriptEngine\OpenSim.Region.ScriptEngine.Tests.csproj,dotnet_project,unknown,,,,9.0.302,Unknown,Unknown
E:\1_my_project\dataset\repos\HalcyonGrid_halcyon\OpenSim\Region\ScriptEngine\Shared\OpenSim.Region.ScriptEngine.Shared.csproj,dotnet_project,unknown,,,,9.0.302,Unknown,Unknown
E:\1_my_project\dataset\repos\HalcyonGrid_halcyon\OpenSim\Region\ScriptEngine\Shared\Api\Implementation\OpenSim.Region.ScriptEngine.Shared.Api.csproj,dotnet_project,unknown,,,,9.0.302,Unknown,Unknown
E:\1_my_project\dataset\repos\HalcyonGrid_halcyon\OpenSim\Region\ScriptEngine\Shared\Api\Runtime\OpenSim.Region.ScriptEngine.Shared.Api.Runtime.csproj,dotnet_project,unknown,,,,9.0.302,Unknown,Unknown
E:\1_my_project\dataset\repos\HalcyonGrid_halcyon\OpenSim\ScriptEngine\Shared\OpenSim.ScriptEngine.Shared.csproj,dotnet_project,unknown,,,,9.0.302,Unknown,Unknown
E:\1_my_project\dataset\repos\HalcyonGrid_halcyon\OpenSim\ScriptEngine\Shared.Script\OpenSim.ScriptEngine.Shared.Script.csproj,dotnet_project,unknown,,,,9.0.302,Unknown,Unknown
E:\1_my_project\dataset\repos\HalcyonGrid_halcyon\OpenSim\Servers\Base\OpenSim.Servers.Base.csproj,dotnet_project,unknown,,,,9.0.302,Unknown,Unknown
E:\1_my_project\dataset\repos\HalcyonGrid_halcyon\OpenSim\Services\AssetService\OpenSim.Services.AssetService.csproj,dotnet_project,unknown,,,,9.0.302,Unknown,Unknown
E:\1_my_project\dataset\repos\HalcyonGrid_halcyon\OpenSim\Services\Base\OpenSim.Services.Base.csproj,dotnet_project,unknown,,,,9.0.302,Unknown,Unknown
E:\1_my_project\dataset\repos\HalcyonGrid_halcyon\OpenSim\Services\Interfaces\OpenSim.Services.Interfaces.csproj,dotnet_project,unknown,,,,9.0.302,Unknown,Unknown
E:\1_my_project\dataset\repos\HalcyonGrid_halcyon\OpenSim\Services\UserService\OpenSim.Services.UserService.csproj,dotnet_project,unknown,,,,9.0.302,Unknown,Unknown
E:\1_my_project\dataset\repos\HalcyonGrid_halcyon\OpenSim\TestSuite\OpenSim.TestSuite.csproj,dotnet_project,unknown,,,,9.0.302,Unknown,Unknown
E:\1_my_project\dataset\repos\HalcyonGrid_halcyon\OpenSimProfile\Modules\OpenSimProfile.Modules.csproj,dotnet_project,unknown,,,,9.0.302,Unknown,Unknown
E:\1_my_project\dataset\repos\HalcyonGrid_halcyon\ThirdParty\C5.src\C5\C5.csproj,dotnet_project,unknown,,,,9.0.302,Unknown,Unknown
E:\1_my_project\dataset\repos\HalcyonGrid_halcyon\ThirdParty\C5.src\docNet\docNet.csproj,dotnet_project,unknown,,,,9.0.302,Unknown,Unknown
E:\1_my_project\dataset\repos\HalcyonGrid_halcyon\ThirdParty\C5.src\nunit\nunit.csproj,dotnet_project,unknown,,,,9.0.302,Unknown,Unknown
E:\1_my_project\dataset\repos\HalcyonGrid_halcyon\ThirdParty\C5.src\PreProcess\PreProcess.csproj,dotnet_project,unknown,,,,9.0.302,Unknown,Unknown
E:\1_my_project\dataset\repos\HalcyonGrid_halcyon\ThirdParty\C5.src\UserGuideExamples\UserGuideExamples.csproj,dotnet_project,unknown,,,,9.0.302,Unknown,Unknown
E:\1_my_project\dataset\repos\HalcyonGrid_halcyon\ThirdParty\HttpServer\HttpServer\HttpServer.csproj,dotnet_project,unknown,,,,9.0.302,Unknown,Unknown
E:\1_my_project\dataset\repos\HalcyonGrid_halcyon\ThirdParty\HttpServer\HttpServer.MVC\HttpServer.MVC.csproj,dotnet_project,unknown,,,,9.0.302,Unknown,Unknown
E:\1_my_project\dataset\repos\HalcyonGrid_halcyon\ThirdParty\HttpServer\HttpServer.Sample\HttpServer.Sample.csproj,dotnet_project,unknown,,,,9.0.302,Unknown,Unknown
E:\1_my_project\dataset\repos\HalcyonGrid_halcyon\ThirdParty\HttpServer\HttpServer.Test\HttpServer.Test.csproj,dotnet_project,unknown,,,,9.0.302,Unknown,Unknown
E:\1_my_project\dataset\repos\HalcyonGrid_halcyon\ThirdParty\HttpServer\Tutorial\Tutorial.csproj,dotnet_project,unknown,,,,9.0.302,Unknown,Unknown
E:\1_my_project\dataset\repos\HalcyonGrid_halcyon\ThirdParty\SmartThreadPool\SmartThreadPoolCE.csproj,dotnet_project,unknown,,,,9.0.302,Unknown,Unknown
E:\1_my_project\dataset\repos\HalcyonGrid_halcyon\ThirdParty\SmartThreadPool\SmartThreadPoolMono.csproj,dotnet_project,unknown,,,,9.0.302,Unknown,Unknown
E:\1_my_project\dataset\repos\HalcyonGrid_halcyon\ThirdParty\SmartThreadPool\SmartThreadPoolSL.csproj,dotnet_project,unknown,,,,9.0.302,Unknown,Unknown
E:\1_my_project\dataset\repos\halsafar_BeatSaberSongBrowser\SongBrowserPlugin\SongBrowser.csproj,dotnet_project,dotnet,net48,,,9.0.302,Unknown,Unknown
E:\1_my_project\dataset\repos\I5UCC_VRCTextboxSTT\TextboxSTT_Launcher\obs_only_Launcher\obs_only_Launcher.csproj,dotnet_project,dotnet,net4.8.1,,,9.0.302,Unknown,Unknown
E:\1_my_project\dataset\repos\I5UCC_VRCTextboxSTT\TextboxSTT_Launcher\TextboxSTT_Launcher\TextboxSTT_Launcher.csproj,dotnet_project,dotnet,net4.8.1,,,9.0.302,Unknown,Unknown
E:\1_my_project\dataset\repos\I5UCC_VRCTextboxSTT\TextboxSTT_Launcher\VRCaptions_Launcher\VRCaptions_Launcher.csproj,dotnet_project,dotnet,net4.8.1,,,9.0.302,Unknown,Unknown
E:\1_my_project\dataset\repos\iamtomhewitt_jet-dash-vr,unity,unity,,2021.3.2f1,,9.0.302,Unknown,Unknown
E:\1_my_project\dataset\repos\iamtomhewitt_vr-pacman,unity,unity,,2021.3.2f1,,9.0.302,Unknown,Unknown
E:\1_my_project\dataset\repos\icosa-gallery_open-brush,unity,unity,,2022.3.34f1,,9.0.302,Unknown,Unknown
E:\1_my_project\dataset\repos\immersivecognition_unity-experiment-framework,unity,unity,,2017.3.0f3,,9.0.302,Unknown,Unknown
E:\1_my_project\dataset\repos\intiface_intiface-game-haptics-router\dependencies\SharpMonoInjector\src\ExampleAssembly\ExampleAssembly.csproj,dotnet_project,unknown,,,,9.0.302,Unknown,Unknown
E:\1_my_project\dataset\repos\intiface_intiface-game-haptics-router\dependencies\SharpMonoInjector\src\SharpMonoInjector\SharpMonoInjector.csproj,dotnet_project,dotnet,netstandard2.0,,,9.0.302,Unknown,Unknown
E:\1_my_project\dataset\repos\intiface_intiface-game-haptics-router\dependencies\SharpMonoInjector\src\SharpMonoInjector.Console\SharpMonoInjector.Console.csproj,dotnet_project,unknown,,,,9.0.302,Unknown,Unknown
E:\1_my_project\dataset\repos\intiface_intiface-game-haptics-router\dependencies\SharpMonoInjector\src\SharpMonoInjector.Gui\SharpMonoInjector.Gui.csproj,dotnet_project,unknown,,,,9.0.302,Unknown,Unknown
E:\1_my_project\dataset\repos\intiface_intiface-game-haptics-router\GHRUnityVRModNet35\GHRUnityVRModNet35.csproj,dotnet_project,unknown,,,,9.0.302,Unknown,Unknown
E:\1_my_project\dataset\repos\intiface_intiface-game-haptics-router\GHRUnityVRModNet45\GHRUnityVRModNet45.csproj,dotnet_project,unknown,,,,9.0.302,Unknown,Unknown
E:\1_my_project\dataset\repos\intiface_intiface-game-haptics-router\GHRUwpGamingInputPayload\GHRUwpGamingInputPayload.csproj,dotnet_project,unknown,,,,9.0.302,Unknown,Unknown
E:\1_my_project\dataset\repos\intiface_intiface-game-haptics-router\GHRXInputModInterface\GHRXInputModInterface.csproj,dotnet_project,unknown,,,,9.0.302,Unknown,Unknown
E:\1_my_project\dataset\repos\intiface_intiface-game-haptics-router\GHRXInputModPayload\GHRXInputModPayload.csproj,dotnet_project,unknown,,,,9.0.302,Unknown,Unknown
E:\1_my_project\dataset\repos\intiface_intiface-game-haptics-router\IntifaceGameHapticsRouter\IntifaceGameHapticsRouter.csproj,dotnet_project,unknown,,,,9.0.302,Unknown,Unknown
E:\1_my_project\dataset\repos\Jamy4000_VRDF,unity,unity,,2019.3.5f1,,9.0.302,Unknown,Unknown
E:\1_my_project\dataset\repos\jcorvinus_HandshakeVR,unity,unity,,2019.4.31f1,,9.0.302,Unknown,Unknown
E:\1_my_project\dataset\repos\JPMMaia_interactive-collaboration-platform-in-AR\CooP AR,unity,unity,,5.6.1f1,,9.0.302,Unknown,Unknown
E:\1_my_project\dataset\repos\JScott_ViveGrip,unity,unity,,2019.1.0f1,,9.0.302,Unknown,Unknown
E:\1_my_project\dataset\repos\JWdori_VR-MCT\Project_NCT,unity,unity,,2021.3.21f1,,9.0.302,Unknown,Unknown
E:\1_my_project\dataset\repos\knah_VRCMods\AdvancedSafety\AdvancedSafety.csproj,dotnet_project,dotnet,net472,,,9.0.302,Unknown,Unknown
E:\1_my_project\dataset\repos\knah_VRCMods\CameraMinus\CameraMinus.csproj,dotnet_project,dotnet,net472,,,9.0.302,Unknown,Unknown
E:\1_my_project\dataset\repos\knah_VRCMods\FavCat\FavCat.csproj,dotnet_project,dotnet,net472,,,9.0.302,Unknown,Unknown
E:\1_my_project\dataset\repos\knah_VRCMods\Finitizer\Finitizer.csproj,dotnet_project,dotnet,net472,,,9.0.302,Unknown,Unknown
E:\1_my_project\dataset\repos\knah_VRCMods\FriendsPlusHome\FriendsPlusHome.csproj,dotnet_project,dotnet,net472,,,9.0.302,Unknown,Unknown
E:\1_my_project\dataset\repos\knah_VRCMods\IKTweaks\IKTweaks.csproj,dotnet_project,dotnet,net472,,,9.0.302,Unknown,Unknown
E:\1_my_project\dataset\repos\knah_VRCMods\IntegrityCheckGenerator\IntegrityCheckGenerator.csproj,dotnet_project,dotnet,netstandard2.0,,,9.0.302,Unknown,Unknown
E:\1_my_project\dataset\repos\knah_VRCMods\IntegrityCheckWeaver\IntegrityCheckWeaver.csproj,dotnet_project,dotnet,net472,,,9.0.302,Unknown,Unknown
E:\1_my_project\dataset\repos\knah_VRCMods\JoinNotifier\JoinNotifier.csproj,dotnet_project,dotnet,net472,,,9.0.302,Unknown,Unknown
E:\1_my_project\dataset\repos\knah_VRCMods\LagFreeScreenshots\LagFreeScreenshots.csproj,dotnet_project,dotnet,net472,,,9.0.302,Unknown,Unknown
E:\1_my_project\dataset\repos\knah_VRCMods\MirrorResolutionUnlimiter\MirrorResolutionUnlimiter.csproj,dotnet_project,dotnet,net472,,,9.0.302,Unknown,Unknown
E:\1_my_project\dataset\repos\knah_VRCMods\ParticleAndBoneLimiterSettings\ParticleAndBoneLimiterSettings.csproj,dotnet_project,dotnet,net472,,,9.0.302,Unknown,Unknown
E:\1_my_project\dataset\repos\knah_VRCMods\ScaleGoesBrr\ScaleGoesBrr.csproj,dotnet_project,dotnet,net472,,,9.0.302,Unknown,Unknown
E:\1_my_project\dataset\repos\knah_VRCMods\Styletor\Styletor.csproj,dotnet_project,dotnet,net472,,,9.0.302,Unknown,Unknown
E:\1_my_project\dataset\repos\knah_VRCMods\TrueShaderAntiCrash\TrueShaderAntiCrash.csproj,dotnet_project,dotnet,net472,,,9.0.302,Unknown,Unknown
E:\1_my_project\dataset\repos\knah_VRCMods\Turbones\Turbones.csproj,dotnet_project,dotnet,net472,,,9.0.302,Unknown,Unknown
E:\1_my_project\dataset\repos\knah_VRCMods\UIExpansionKit\UIExpansionKit.csproj,dotnet_project,dotnet,net472,,,9.0.302,Unknown,Unknown
E:\1_my_project\dataset\repos\knah_VRCMods\ViewPointTweaker\ViewPointTweaker.csproj,dotnet_project,dotnet,net472,,,9.0.302,Unknown,Unknown
E:\1_my_project\dataset\repos\kurotu_VRCQuestTools,unity,unity,,2019.4.31f1,,9.0.302,Unknown,Unknown
E:\1_my_project\dataset\repos\leapmotion_Paint,unity,unity,,2018.1.0f2,,9.0.302,Unknown,Unknown
E:\1_my_project\dataset\repos\Louis-de-Lavenne-de-Choulot_ALGOSUP_2022_Project_4_F\Project B3,unity,unity,,2021.2.17f1,,9.0.302,Unknown,Unknown
E:\1_my_project\dataset\repos\Mastergalen_Supermarket-Sim,unity,unity,,2017.2.0f3,,9.0.302,Unknown,Unknown
E:\1_my_project\dataset\repos\mateo-a_holbertonschool-csharp\0x00-csharp-hello_world\10-copy_cut_paste\10-copy_cut_paste.csproj,dotnet_project,dotnet,netcoreapp2.1,,,9.0.302,Unknown,Unknown
E:\1_my_project\dataset\repos\mateo-a_holbertonschool-csharp\0x00-csharp-hello_world\100-hello_error\100-hello_error.csproj,dotnet_project,dotnet,netcoreapp2.1,,,9.0.302,Unknown,Unknown
E:\1_my_project\dataset\repos\mateo-a_holbertonschool-csharp\0x00-csharp-hello_world\11-concat_edges\11-concat_edges.csproj,dotnet_project,dotnet,netcoreapp2.1,,,9.0.302,Unknown,Unknown
E:\1_my_project\dataset\repos\mateo-a_holbertonschool-csharp\0x00-csharp-hello_world\3-writeline\3-writeline.csproj,dotnet_project,dotnet,netcoreapp2.1,,,9.0.302,Unknown,Unknown
E:\1_my_project\dataset\repos\mateo-a_holbertonschool-csharp\0x00-csharp-hello_world\4-print_integer\4-print_integer.csproj,dotnet_project,dotnet,netcoreapp2.1,,,9.0.302,Unknown,Unknown
E:\1_my_project\dataset\repos\mateo-a_holbertonschool-csharp\0x00-csharp-hello_world\5-print_float\5-print_float.csproj,dotnet_project,dotnet,netcoreapp2.1,,,9.0.302,Unknown,Unknown
E:\1_my_project\dataset\repos\mateo-a_holbertonschool-csharp\0x00-csharp-hello_world\6-print_string\6-print_string.csproj,dotnet_project,dotnet,netcoreapp2.1,,,9.0.302,Unknown,Unknown
E:\1_my_project\dataset\repos\mateo-a_holbertonschool-csharp\0x00-csharp-hello_world\7-concat\7-concat.csproj,dotnet_project,dotnet,netcoreapp2.1,,,9.0.302,Unknown,Unknown
E:\1_my_project\dataset\repos\mateo-a_holbertonschool-csharp\0x00-csharp-hello_world\8-print_variables\8-print_variables.csproj,dotnet_project,dotnet,netcoreapp2.1,,,9.0.302,Unknown,Unknown
E:\1_my_project\dataset\repos\mateo-a_holbertonschool-csharp\0x00-csharp-hello_world\9-print_specifiers\9-print_specifiers.csproj,dotnet_project,dotnet,netcoreapp2.1,,,9.0.302,Unknown,Unknown
E:\1_my_project\dataset\repos\mateo-a_holbertonschool-csharp\0x01-csharp-ifelse_loops_methods\0-positive_or_negative\0-positive_or_negative.csproj,dotnet_project,dotnet,netcoreapp2.1,,,9.0.302,Unknown,Unknown
E:\1_my_project\dataset\repos\mateo-a_holbertonschool-csharp\0x01-csharp-ifelse_loops_methods\1-last_digit\1-last_digit.csproj,dotnet_project,dotnet,netcoreapp2.1,,,9.0.302,Unknown,Unknown
E:\1_my_project\dataset\repos\mateo-a_holbertonschool-csharp\0x01-csharp-ifelse_loops_methods\10-print_line\10-print_line.csproj,dotnet_project,dotnet,netcoreapp2.1,,,9.0.302,Unknown,Unknown
E:\1_my_project\dataset\repos\mateo-a_holbertonschool-csharp\0x01-csharp-ifelse_loops_methods\11-print_diagonal\11-print_diagonal.csproj,dotnet_project,dotnet,netcoreapp2.1,,,9.0.302,Unknown,Unknown
E:\1_my_project\dataset\repos\mateo-a_holbertonschool-csharp\0x01-csharp-ifelse_loops_methods\12-fizzbuzz\12-fizzbuzz.csproj,dotnet_project,dotnet,netcoreapp2.1,,,9.0.302,Unknown,Unknown
E:\1_my_project\dataset\repos\mateo-a_holbertonschool-csharp\0x01-csharp-ifelse_loops_methods\2-print_alphabet\2-print_alphabet.csproj,dotnet_project,dotnet,netcoreapp2.1,,,9.0.302,Unknown,Unknown
E:\1_my_project\dataset\repos\mateo-a_holbertonschool-csharp\0x01-csharp-ifelse_loops_methods\3-print_alphabt\3-print_alphabt.csproj,dotnet_project,dotnet,netcoreapp2.1,,,9.0.302,Unknown,Unknown
E:\1_my_project\dataset\repos\mateo-a_holbertonschool-csharp\0x01-csharp-ifelse_loops_methods\4-print_hexa\4-print_hexa.csproj,dotnet_project,dotnet,netcoreapp2.1,,,9.0.302,Unknown,Unknown
E:\1_my_project\dataset\repos\mateo-a_holbertonschool-csharp\0x01-csharp-ifelse_loops_methods\5-print_comb\5-print_comb.csproj,dotnet_project,dotnet,netcoreapp2.1,,,9.0.302,Unknown,Unknown
E:\1_my_project\dataset\repos\mateo-a_holbertonschool-csharp\0x01-csharp-ifelse_loops_methods\6-print_comb2\6-print_comb2.csproj,dotnet_project,dotnet,netcoreapp2.1,,,9.0.302,Unknown,Unknown
E:\1_my_project\dataset\repos\mateo-a_holbertonschool-csharp\0x01-csharp-ifelse_loops_methods\7-islower\7-islower.csproj,dotnet_project,dotnet,netcoreapp2.1,,,9.0.302,Unknown,Unknown
E:\1_my_project\dataset\repos\mateo-a_holbertonschool-csharp\0x01-csharp-ifelse_loops_methods\8-print_last_digit\8-print_last_digit.csproj,dotnet_project,dotnet,netcoreapp2.1,,,9.0.302,Unknown,Unknown
E:\1_my_project\dataset\repos\mateo-a_holbertonschool-csharp\0x01-csharp-ifelse_loops_methods\9-add\9-add.csproj,dotnet_project,dotnet,netcoreapp2.1,,,9.0.302,Unknown,Unknown
E:\1_my_project\dataset\repos\mateo-a_holbertonschool-csharp\0x02-csharp-arrays_lists_dictionaries\0-print_array\0-print_array.csproj,dotnet_project,dotnet,netcoreapp2.1,,,9.0.302,Unknown,Unknown
E:\1_my_project\dataset\repos\mateo-a_holbertonschool-csharp\0x02-csharp-arrays_lists_dictionaries\1-element_at\1-element_at.csproj,dotnet_project,dotnet,netcoreapp2.1,,,9.0.302,Unknown,Unknown
E:\1_my_project\dataset\repos\mateo-a_holbertonschool-csharp\0x02-csharp-arrays_lists_dictionaries\10-delete_key_value\10-delete_key_value.csproj,dotnet_project,dotnet,netcoreapp2.1,,,9.0.302,Unknown,Unknown
E:\1_my_project\dataset\repos\mateo-a_holbertonschool-csharp\0x02-csharp-arrays_lists_dictionaries\100-jagged_array\100-jagged_array.csproj,dotnet_project,dotnet,netcoreapp2.1,,,9.0.302,Unknown,Unknown
E:\1_my_project\dataset\repos\mateo-a_holbertonschool-csharp\0x02-csharp-arrays_lists_dictionaries\11-multiply_by_2\11-multiply_by_2.csproj,dotnet_project,dotnet,netcoreapp2.1,,,9.0.302,Unknown,Unknown
E:\1_my_project\dataset\repos\mateo-a_holbertonschool-csharp\0x02-csharp-arrays_lists_dictionaries\12-print_sorted_dictionary\12-print_sorted_dictionary.csproj,dotnet_project,dotnet,netcoreapp2.1,,,9.0.302,Unknown,Unknown
E:\1_my_project\dataset\repos\mateo-a_holbertonschool-csharp\0x02-csharp-arrays_lists_dictionaries\13-best_score\13-best_score.csproj,dotnet_project,dotnet,netcoreapp2.1,,,9.0.302,Unknown,Unknown
E:\1_my_project\dataset\repos\mateo-a_holbertonschool-csharp\0x02-csharp-arrays_lists_dictionaries\14-rectangular_array\14-rectangular_array.csproj,dotnet_project,dotnet,netcoreapp2.1,,,9.0.302,Unknown,Unknown
E:\1_my_project\dataset\repos\mateo-a_holbertonschool-csharp\0x02-csharp-arrays_lists_dictionaries\15-square_matrix\15-square_matrix.csproj,dotnet_project,dotnet,netcoreapp2.1,,,9.0.302,Unknown,Unknown
E:\1_my_project\dataset\repos\mateo-a_holbertonschool-csharp\0x02-csharp-arrays_lists_dictionaries\2-replace_element\2-replace_element.csproj,dotnet_project,dotnet,netcoreapp2.1,,,9.0.302,Unknown,Unknown
E:\1_my_project\dataset\repos\mateo-a_holbertonschool-csharp\0x02-csharp-arrays_lists_dictionaries\3-print_array_reverse\3-print_array_reverse.csproj,dotnet_project,dotnet,netcoreapp2.1,,,9.0.302,Unknown,Unknown
E:\1_my_project\dataset\repos\mateo-a_holbertonschool-csharp\0x02-csharp-arrays_lists_dictionaries\4-print_list\4-print_list.csproj,dotnet_project,dotnet,netcoreapp2.1,,,9.0.302,Unknown,Unknown
E:\1_my_project\dataset\repos\mateo-a_holbertonschool-csharp\0x02-csharp-arrays_lists_dictionaries\5-max_integer\5-max_integer.csproj,dotnet_project,dotnet,netcoreapp2.1,,,9.0.302,Unknown,Unknown
E:\1_my_project\dataset\repos\mateo-a_holbertonschool-csharp\0x02-csharp-arrays_lists_dictionaries\6-divisible_by_2\6-divisible_by_2.csproj,dotnet_project,dotnet,netcoreapp2.1,,,9.0.302,Unknown,Unknown
E:\1_my_project\dataset\repos\mateo-a_holbertonschool-csharp\0x02-csharp-arrays_lists_dictionaries\7-delete_at\7-delete_at.csproj,dotnet_project,dotnet,netcoreapp2.1,,,9.0.302,Unknown,Unknown
E:\1_my_project\dataset\repos\mateo-a_holbertonschool-csharp\0x02-csharp-arrays_lists_dictionaries\8-number_keys\8-number_keys.csproj,dotnet_project,dotnet,netcoreapp2.1,,,9.0.302,Unknown,Unknown
E:\1_my_project\dataset\repos\mateo-a_holbertonschool-csharp\0x02-csharp-arrays_lists_dictionaries\9-add_key_value\9-add_key_value.csproj,dotnet_project,dotnet,netcoreapp2.1,,,9.0.302,Unknown,Unknown
E:\1_my_project\dataset\repos\mateo-a_holbertonschool-csharp\0x03-csharp-hashset_stack_queue_linkedlist\0-unique_add\0-unique_add.csproj,dotnet_project,dotnet,netcoreapp2.1,,,9.0.302,Unknown,Unknown
E:\1_my_project\dataset\repos\mateo-a_holbertonschool-csharp\0x03-csharp-hashset_stack_queue_linkedlist\1-common_elements\1-common_elements.csproj,dotnet_project,dotnet,netcoreapp2.1,,,9.0.302,Unknown,Unknown
E:\1_my_project\dataset\repos\mateo-a_holbertonschool-csharp\0x03-csharp-hashset_stack_queue_linkedlist\10-linkedlist_get_node\10-linkedlist_get_node.csproj,dotnet_project,dotnet,netcoreapp2.1,,,9.0.302,Unknown,Unknown
E:\1_my_project\dataset\repos\mateo-a_holbertonschool-csharp\0x03-csharp-hashset_stack_queue_linkedlist\11-linkedlist_sum\11-linkedlist_sum.csproj,dotnet_project,dotnet,netcoreapp2.1,,,9.0.302,Unknown,Unknown
E:\1_my_project\dataset\repos\mateo-a_holbertonschool-csharp\0x03-csharp-hashset_stack_queue_linkedlist\12-linkedlist_insert\12-linkedlist_insert.csproj,dotnet_project,dotnet,netcoreapp2.1,,,9.0.302,Unknown,Unknown
E:\1_my_project\dataset\repos\mateo-a_holbertonschool-csharp\0x03-csharp-hashset_stack_queue_linkedlist\13-linkedlist_delete\13-linkedlist_delete.csproj,dotnet_project,dotnet,netcoreapp2.1,,,9.0.302,Unknown,Unknown
E:\1_my_project\dataset\repos\mateo-a_holbertonschool-csharp\0x03-csharp-hashset_stack_queue_linkedlist\2-different_elements\2-different_elements.csproj,dotnet_project,dotnet,netcoreapp2.1,,,9.0.302,Unknown,Unknown
E:\1_my_project\dataset\repos\mateo-a_holbertonschool-csharp\0x03-csharp-hashset_stack_queue_linkedlist\3-stack_push_pop\3-stack_push_pop.csproj,dotnet_project,dotnet,netcoreapp2.1,,,9.0.302,Unknown,Unknown
E:\1_my_project\dataset\repos\mateo-a_holbertonschool-csharp\0x03-csharp-hashset_stack_queue_linkedlist\4-queue_enqueue_dequeue\4-queue_enqueue_dequeue.csproj,dotnet_project,dotnet,netcoreapp2.1,,,9.0.302,Unknown,Unknown
E:\1_my_project\dataset\repos\mateo-a_holbertonschool-csharp\0x03-csharp-hashset_stack_queue_linkedlist\5-print_linkedlist\5-print_linkedlist.csproj,dotnet_project,dotnet,netcoreapp2.1,,,9.0.302,Unknown,Unknown
E:\1_my_project\dataset\repos\mateo-a_holbertonschool-csharp\0x03-csharp-hashset_stack_queue_linkedlist\6-linkedlist_length\6-linkedlist_length.csproj,dotnet_project,dotnet,netcoreapp2.1,,,9.0.302,Unknown,Unknown
E:\1_my_project\dataset\repos\mateo-a_holbertonschool-csharp\0x03-csharp-hashset_stack_queue_linkedlist\7-linkedlist_add\7-linkedlist_add.csproj,dotnet_project,dotnet,netcoreapp2.1,,,9.0.302,Unknown,Unknown
E:\1_my_project\dataset\repos\mateo-a_holbertonschool-csharp\0x03-csharp-hashset_stack_queue_linkedlist\8-linkedlist_find\8-linkedlist_find.csproj,dotnet_project,dotnet,netcoreapp2.1,,,9.0.302,Unknown,Unknown
E:\1_my_project\dataset\repos\mateo-a_holbertonschool-csharp\0x03-csharp-hashset_stack_queue_linkedlist\9-linkedlist_pop\9-linkedlist_pop.csproj,dotnet_project,dotnet,netcoreapp2.1,,,9.0.302,Unknown,Unknown
E:\1_my_project\dataset\repos\mateo-a_holbertonschool-csharp\0x04-csharp-exceptions\0-safe_list_print\0-safe_list_print.csproj,dotnet_project,dotnet,netcoreapp2.1,,,9.0.302,Unknown,Unknown
E:\1_my_project\dataset\repos\mateo-a_holbertonschool-csharp\0x04-csharp-exceptions\1-divide_print\1-divide_print.csproj,dotnet_project,dotnet,netcoreapp2.1,,,9.0.302,Unknown,Unknown
E:\1_my_project\dataset\repos\mateo-a_holbertonschool-csharp\0x04-csharp-exceptions\2-divide_lists\2-divide_lists.csproj,dotnet_project,dotnet,netcoreapp2.1,,,9.0.302,Unknown,Unknown
E:\1_my_project\dataset\repos\mateo-a_holbertonschool-csharp\0x04-csharp-exceptions\3-throw_exception\3-throw_exception.csproj,dotnet_project,dotnet,netcoreapp2.1,,,9.0.302,Unknown,Unknown
E:\1_my_project\dataset\repos\mateo-a_holbertonschool-csharp\0x04-csharp-exceptions\4-throw_exception_msg\4-throw_exception_msg.csproj,dotnet_project,dotnet,netcoreapp2.1,,,9.0.302,Unknown,Unknown
E:\1_my_project\dataset\repos\mateo-a_holbertonschool-csharp\0x05-csharp-structs_enums\0-dog\0-dog.csproj,dotnet_project,dotnet,netcoreapp2.1,,,9.0.302,Unknown,Unknown
E:\1_my_project\dataset\repos\mateo-a_holbertonschool-csharp\0x05-csharp-structs_enums\1-dog\1-dog.csproj,dotnet_project,dotnet,netcoreapp2.1,,,9.0.302,Unknown,Unknown
E:\1_my_project\dataset\repos\mateo-a_holbertonschool-csharp\0x05-csharp-structs_enums\2-dog\2-dog.csproj,dotnet_project,dotnet,netcoreapp2.1,,,9.0.302,Unknown,Unknown
E:\1_my_project\dataset\repos\mateo-a_holbertonschool-csharp\0x05-csharp-structs_enums\3-dog\3-dog.csproj,dotnet_project,dotnet,netcoreapp2.1,,,9.0.302,Unknown,Unknown
E:\1_my_project\dataset\repos\mateo-a_holbertonschool-csharp\0x06-csharp-classes\0-enemy\0-enemy.csproj,dotnet_project,dotnet,netcoreapp2.1,,,9.0.302,Unknown,Unknown
E:\1_my_project\dataset\repos\mateo-a_holbertonschool-csharp\0x06-csharp-classes\1-enemy\1-enemy.csproj,dotnet_project,dotnet,netcoreapp2.1,,,9.0.302,Unknown,Unknown
E:\1_my_project\dataset\repos\mateo-a_holbertonschool-csharp\0x06-csharp-classes\2-enemy\2-enemy.csproj,dotnet_project,dotnet,netcoreapp2.1,,,9.0.302,Unknown,Unknown
E:\1_my_project\dataset\repos\mateo-a_holbertonschool-csharp\0x06-csharp-classes\3-enemy\3-enemy.csproj,dotnet_project,dotnet,netcoreapp2.1,,,9.0.302,Unknown,Unknown
E:\1_my_project\dataset\repos\mateo-a_holbertonschool-csharp\0x06-csharp-classes\4-enemy\4-enemy.csproj,dotnet_project,dotnet,netcoreapp2.1,,,9.0.302,Unknown,Unknown
E:\1_my_project\dataset\repos\mateo-a_holbertonschool-csharp\0x06-csharp-classes\5-enemy\5-enemy.csproj,dotnet_project,dotnet,netcoreapp2.1,,,9.0.302,Unknown,Unknown
E:\1_my_project\dataset\repos\mateo-a_holbertonschool-csharp\0x07-csharp-tdd\0-add\MyMath.Tests\MyMath.Tests.csproj,dotnet_project,dotnet,netcoreapp2.1,,,9.0.302,Unknown,Unknown
E:\1_my_project\dataset\repos\mateo-a_holbertonschool-csharp\0x07-csharp-tdd\0-add\MyMath\MyMath.csproj,dotnet_project,dotnet,netstandard2.0,,,9.0.302,Unknown,Unknown
E:\1_my_project\dataset\repos\mateo-a_holbertonschool-csharp\0x07-csharp-tdd\1-divide\MyMath.Tests\MyMath.Tests.csproj,dotnet_project,dotnet,netcoreapp2.1,,,9.0.302,Unknown,Unknown
E:\1_my_project\dataset\repos\mateo-a_holbertonschool-csharp\0x07-csharp-tdd\1-divide\MyMath\MyMath.csproj,dotnet_project,dotnet,netstandard2.0,,,9.0.302,Unknown,Unknown
E:\1_my_project\dataset\repos\mateo-a_holbertonschool-csharp\0x07-csharp-tdd\2-max_int\MyMath.Tests\MyMath.Tests.csproj,dotnet_project,dotnet,netcoreapp2.1,,,9.0.302,Unknown,Unknown
E:\1_my_project\dataset\repos\mateo-a_holbertonschool-csharp\0x07-csharp-tdd\2-max_int\MyMath\MyMath.csproj,dotnet_project,dotnet,netstandard2.0,,,9.0.302,Unknown,Unknown
E:\1_my_project\dataset\repos\mateo-a_holbertonschool-csharp\0x07-csharp-tdd\3-palindrome\Text.Tests\Text.Tests.csproj,dotnet_project,dotnet,netcoreapp2.1,,,9.0.302,Unknown,Unknown
E:\1_my_project\dataset\repos\mateo-a_holbertonschool-csharp\0x07-csharp-tdd\3-palindrome\Text\Text.csproj,dotnet_project,dotnet,netstandard2.0,,,9.0.302,Unknown,Unknown
E:\1_my_project\dataset\repos\mateo-a_holbertonschool-csharp\0x07-csharp-tdd\4-unique\Text.Tests\Text.Tests.csproj,dotnet_project,dotnet,netcoreapp2.1,,,9.0.302,Unknown,Unknown
E:\1_my_project\dataset\repos\mateo-a_holbertonschool-csharp\0x07-csharp-tdd\4-unique\Text\Text.csproj,dotnet_project,dotnet,netstandard2.0,,,9.0.302,Unknown,Unknown
E:\1_my_project\dataset\repos\mateo-a_holbertonschool-csharp\0x07-csharp-tdd\5-camelcase\Text.Tests\Text.Tests.csproj,dotnet_project,dotnet,netcoreapp2.1,,,9.0.302,Unknown,Unknown
E:\1_my_project\dataset\repos\mateo-a_holbertonschool-csharp\0x07-csharp-tdd\5-camelcase\Text\Text.csproj,dotnet_project,dotnet,netstandard2.0,,,9.0.302,Unknown,Unknown
E:\1_my_project\dataset\repos\mateo-a_holbertonschool-csharp\0x08-csharp-inheritance\0-is\0-is.csproj,dotnet_project,dotnet,netcoreapp2.1,,,9.0.302,Unknown,Unknown
E:\1_my_project\dataset\repos\mateo-a_holbertonschool-csharp\0x08-csharp-inheritance\1-instance\1-instance.csproj,dotnet_project,dotnet,netcoreapp2.1,,,9.0.302,Unknown,Unknown
E:\1_my_project\dataset\repos\mateo-a_holbertonschool-csharp\0x08-csharp-inheritance\2-subclass\2-subclass.csproj,dotnet_project,dotnet,netcoreapp2.1,,,9.0.302,Unknown,Unknown
E:\1_my_project\dataset\repos\mateo-a_holbertonschool-csharp\0x08-csharp-inheritance\3-type_get\3-type_get.csproj,dotnet_project,dotnet,netcoreapp2.1,,,9.0.302,Unknown,Unknown
E:\1_my_project\dataset\repos\mateo-a_holbertonschool-csharp\0x08-csharp-inheritance\4-inherit\4-inherit.csproj,dotnet_project,dotnet,netcoreapp2.1,,,9.0.302,Unknown,Unknown
E:\1_my_project\dataset\repos\mateo-a_holbertonschool-csharp\0x08-csharp-inheritance\5-shape\5-shape.csproj,dotnet_project,dotnet,netcoreapp2.1,,,9.0.302,Unknown,Unknown
E:\1_my_project\dataset\repos\mateo-a_holbertonschool-csharp\0x08-csharp-inheritance\6-shape\6-shape.csproj,dotnet_project,dotnet,netcoreapp2.1,,,9.0.302,Unknown,Unknown
E:\1_my_project\dataset\repos\mateo-a_holbertonschool-csharp\0x08-csharp-inheritance\7-shape\7-shape.csproj,dotnet_project,dotnet,netcoreapp2.1,,,9.0.302,Unknown,Unknown
E:\1_my_project\dataset\repos\mateo-a_holbertonschool-csharp\0x08-csharp-inheritance\8-shape\8-shape.csproj,dotnet_project,dotnet,netcoreapp2.1,,,9.0.302,Unknown,Unknown
E:\1_my_project\dataset\repos\mateo-a_holbertonschool-csharp\0x08-csharp-inheritance\9-shape\9-shape.csproj,dotnet_project,dotnet,netcoreapp2.1,,,9.0.302,Unknown,Unknown
E:\1_my_project\dataset\repos\mateo-a_holbertonschool-csharp\0x09-csharp-linear_algebra\12-dot_product\12-dot_product.csproj,dotnet_project,dotnet,netcoreapp2.1,,,9.0.302,Unknown,Unknown
E:\1_my_project\dataset\repos\mateo-a_holbertonschool-csharp\0x09-csharp-linear_algebra\14-matrix_addition\14-matrix_addition.csproj,dotnet_project,dotnet,netcoreapp2.1,,,9.0.302,Unknown,Unknown
E:\1_my_project\dataset\repos\mateo-a_holbertonschool-csharp\0x09-csharp-linear_algebra\16-matrix_scalar_mul\16-matrix_scalar_mul.csproj,dotnet_project,dotnet,netcoreapp2.1,,,9.0.302,Unknown,Unknown
E:\1_my_project\dataset\repos\mateo-a_holbertonschool-csharp\0x09-csharp-linear_algebra\18-matrix_matrix_mul\18-matrix_matrix_mul.csproj,dotnet_project,dotnet,netcoreapp2.1,,,9.0.302,Unknown,Unknown
E:\1_my_project\dataset\repos\mateo-a_holbertonschool-csharp\0x09-csharp-linear_algebra\20-matrix_rotate_2D\20-matrix_rotate_2D.csproj,dotnet_project,dotnet,netcoreapp2.1,,,9.0.302,Unknown,Unknown
E:\1_my_project\dataset\repos\mateo-a_holbertonschool-csharp\0x09-csharp-linear_algebra\24-matrix_shear_2D\24-matrix_shear_2D.csproj,dotnet_project,dotnet,netcoreapp2.1,,,9.0.302,Unknown,Unknown
E:\1_my_project\dataset\repos\mateo-a_holbertonschool-csharp\0x09-csharp-linear_algebra\25-matrix_transpose\25-matrix_transpose.csproj,dotnet_project,dotnet,netcoreapp2.1,,,9.0.302,Unknown,Unknown
E:\1_my_project\dataset\repos\mateo-a_holbertonschool-csharp\0x09-csharp-linear_algebra\28-determinant\28-determinant.csproj,dotnet_project,dotnet,netcoreapp2.1,,,9.0.302,Unknown,Unknown
E:\1_my_project\dataset\repos\mateo-a_holbertonschool-csharp\0x09-csharp-linear_algebra\3-magnitude\3-magnitude.csproj,dotnet_project,dotnet,netcoreapp2.1,,,9.0.302,Unknown,Unknown
E:\1_my_project\dataset\repos\mateo-a_holbertonschool-csharp\0x09-csharp-linear_algebra\30-cross_product\30-cross_product.csproj,dotnet_project,dotnet,netcoreapp2.1,,,9.0.302,Unknown,Unknown
E:\1_my_project\dataset\repos\mateo-a_holbertonschool-csharp\0x09-csharp-linear_algebra\33-inverse_2D\33-inverse_2D.csproj,dotnet_project,dotnet,netcoreapp2.1,,,9.0.302,Unknown,Unknown
E:\1_my_project\dataset\repos\mateo-a_holbertonschool-csharp\0x09-csharp-linear_algebra\6-vector_addition\6-vector_addition.csproj,dotnet_project,dotnet,netcoreapp2.1,,,9.0.302,Unknown,Unknown
E:\1_my_project\dataset\repos\mateo-a_holbertonschool-csharp\0x09-csharp-linear_algebra\9-vector_scalar_mul\9-vector_scalar_mul.csproj,dotnet_project,dotnet,netcoreapp2.1,,,9.0.302,Unknown,Unknown
E:\1_my_project\dataset\repos\mateo-a_holbertonschool-csharp\0x0A-csharp-generics\0-queue\0-queue.csproj,dotnet_project,dotnet,netcoreapp2.1,,,9.0.302,Unknown,Unknown
E:\1_my_project\dataset\repos\mateo-a_holbertonschool-csharp\0x0A-csharp-generics\1-enqueue\1-enqueue.csproj,dotnet_project,dotnet,netcoreapp2.1,,,9.0.302,Unknown,Unknown
E:\1_my_project\dataset\repos\mateo-a_holbertonschool-csharp\0x0A-csharp-generics\2-dequeue\2-dequeue.csproj,dotnet_project,dotnet,netcoreapp2.1,,,9.0.302,Unknown,Unknown
E:\1_my_project\dataset\repos\mateo-a_holbertonschool-csharp\0x0A-csharp-generics\3-peek\3-peek.csproj,dotnet_project,dotnet,netcoreapp2.1,,,9.0.302,Unknown,Unknown
E:\1_my_project\dataset\repos\mateo-a_holbertonschool-csharp\0x0A-csharp-generics\4-print\4-print.csproj,dotnet_project,dotnet,netcoreapp2.1,,,9.0.302,Unknown,Unknown
E:\1_my_project\dataset\repos\mateo-a_holbertonschool-csharp\0x0A-csharp-generics\5-concatenate\5-concatenate.csproj,dotnet_project,dotnet,netcoreapp2.1,,,9.0.302,Unknown,Unknown
E:\1_my_project\dataset\repos\mateo-a_holbertonschool-csharp\0x0B-csharp-interfaces\0-abstract_thinking\0-abstract_thinking.csproj,dotnet_project,dotnet,netcoreapp2.1,,,9.0.302,Unknown,Unknown
E:\1_my_project\dataset\repos\mateo-a_holbertonschool-csharp\0x0B-csharp-interfaces\1-user_interface\1-user_interface.csproj,dotnet_project,dotnet,netcoreapp2.1,,,9.0.302,Unknown,Unknown
E:\1_my_project\dataset\repos\mateo-a_holbertonschool-csharp\0x0B-csharp-interfaces\2-doors\2-doors.csproj,dotnet_project,dotnet,netcoreapp2.1,,,9.0.302,Unknown,Unknown
E:\1_my_project\dataset\repos\mateo-a_holbertonschool-csharp\0x0B-csharp-interfaces\3-decorations\3-decorations.csproj,dotnet_project,dotnet,netcoreapp2.1,,,9.0.302,Unknown,Unknown
E:\1_my_project\dataset\repos\mateo-a_holbertonschool-csharp\0x0B-csharp-interfaces\4-keys\4-keys.csproj,dotnet_project,dotnet,netcoreapp2.1,,,9.0.302,Unknown,Unknown
E:\1_my_project\dataset\repos\mateo-a_holbertonschool-csharp\0x0B-csharp-interfaces\5-iterate_act\5-iterate_act.csproj,dotnet_project,dotnet,netcoreapp2.1,,,9.0.302,Unknown,Unknown
E:\1_my_project\dataset\repos\mateo-a_holbertonschool-csharp\0x0B-csharp-interfaces\6-generic_iteration\6-generic_iteration.csproj,dotnet_project,dotnet,netcoreapp2.1,,,9.0.302,Unknown,Unknown
E:\1_my_project\dataset\repos\mateo-a_holbertonschool-csharp\0x0C-csharp-delegates_events\0-universal_health\0-universal_health.csproj,dotnet_project,dotnet,netcoreapp2.1,,,9.0.302,Unknown,Unknown
E:\1_my_project\dataset\repos\mateo-a_holbertonschool-csharp\0x0C-csharp-delegates_events\1-damage_delegation\1-damage_delegation.csproj,dotnet_project,dotnet,netcoreapp2.1,,,9.0.302,Unknown,Unknown
E:\1_my_project\dataset\repos\mateo-a_holbertonschool-csharp\0x0C-csharp-delegates_events\2-validation\2-validation.csproj,dotnet_project,dotnet,netcoreapp2.1,,,9.0.302,Unknown,Unknown
E:\1_my_project\dataset\repos\mateo-a_holbertonschool-csharp\0x0C-csharp-delegates_events\3-modified_behavior\3-modified_behavior.csproj,dotnet_project,dotnet,netcoreapp2.1,,,9.0.302,Unknown,Unknown
E:\1_my_project\dataset\repos\mateo-a_holbertonschool-csharp\0x0C-csharp-delegates_events\4-check_yourself\4-check_yourself.csproj,dotnet_project,dotnet,netcoreapp2.1,,,9.0.302,Unknown,Unknown
E:\1_my_project\dataset\repos\mateo-a_holbertonschool-csharp\0x0C-csharp-delegates_events\5-eventful\5-eventful.csproj,dotnet_project,dotnet,netcoreapp2.1,,,9.0.302,Unknown,Unknown
E:\1_my_project\dataset\repos\Math0424_SpaceEngineersVR\SpaceEngineersVR\SpaceEngineersVR.csproj,dotnet_project,unknown,,,,9.0.302,Unknown,Unknown
E:\1_my_project\dataset\repos\MatrikMoon_TournamentAssistant\TournamentAssistant\TournamentAssistant.csproj,dotnet_project,unknown,,,,9.0.302,Unknown,Unknown
E:\1_my_project\dataset\repos\MatrikMoon_TournamentAssistant\TournamentAssistantCore\TournamentAssistantCore.csproj,dotnet_project,dotnet,netcoreapp3.1,,,9.0.302,Unknown,Unknown
E:\1_my_project\dataset\repos\MatrikMoon_TournamentAssistant\TournamentAssistantShared\TournamentAssistantShared.csproj,dotnet_project,dotnet,netstandard2.0,,,9.0.302,Unknown,Unknown
E:\1_my_project\dataset\repos\MatrikMoon_TournamentAssistant\TournamentAssistantUI\TournamentAssistantUI.csproj,dotnet_project,unknown,,,,9.0.302,Unknown,Unknown
E:\1_my_project\dataset\repos\matryx_calcflow,unity,unity,,2018.2.21f1,,9.0.302,Unknown,Unknown
E:\1_my_project\dataset\repos\MayouKurayami_KK_CyuVR\CyuVR\CyuVR.csproj,dotnet_project,unknown,,,,9.0.302,Unknown,Unknown
E:\1_my_project\dataset\repos\MayouKurayami_KK_SetParentVR\SetParentKK\SetParentKK.csproj,dotnet_project,unknown,,,,9.0.302,Unknown,Unknown
E:\1_my_project\dataset\repos\mhwlng_fip-elite\EDEngineer\EDEngineer.csproj,dotnet_project,unknown,,,,9.0.302,Unknown,Unknown
E:\1_my_project\dataset\repos\mhwlng_fip-elite\Elite\Elite.csproj,dotnet_project,unknown,,,,9.0.302,Unknown,Unknown
E:\1_my_project\dataset\repos\mhwlng_fip-elite\EliteJournalReader\EliteJournalReader.csproj,dotnet_project,unknown,,,,9.0.302,Unknown,Unknown
E:\1_my_project\dataset\repos\mhwlng_fip-elite\ImportData\ImportData.csproj,dotnet_project,unknown,,,,9.0.302,Unknown,Unknown
E:\1_my_project\dataset\repos\microsoft_mixed-reality-extension-unity\MREUnityRuntimeLib\MREUnityRuntimeLib.csproj,dotnet_project,unknown,,,,9.0.302,Unknown,Unknown
E:\1_my_project\dataset\repos\microsoft_mixed-reality-extension-unity\tools\PostBuildTool\PostBuildTool\PostBuildTool.csproj,dotnet_project,unknown,,,,9.0.302,Unknown,Unknown
E:\1_my_project\dataset\repos\microsoft_MixedReality-WebRTC\examples\TestAppUwp\Microsoft.MixedReality.WebRTC.TestAppUWP.csproj,dotnet_project,unknown,,,,9.0.302,Unknown,Unknown
E:\1_my_project\dataset\repos\microsoft_MixedReality-WebRTC\examples\TestNetCoreConsole\TestNetCoreConsole.csproj,dotnet_project,dotnet,netcoreapp3.1,,,9.0.302,Unknown,Unknown
E:\1_my_project\dataset\repos\microsoft_MixedReality-WebRTC\examples\TestReceiveAV\TestReceiveAV.csproj,dotnet_project,dotnet,netcoreapp3.1,,,9.0.302,Unknown,Unknown
E:\1_my_project\dataset\repos\microsoft_MixedReality-WebRTC\libs\Microsoft.MixedReality.WebRTC\Microsoft.MixedReality.WebRTC.csproj,dotnet_project,unknown,,,,9.0.302,Unknown,Unknown
E:\1_my_project\dataset\repos\microsoft_MixedReality-WebRTC\tests\Microsoft.MixedReality.WebRTC.Tests\Microsoft.MixedReality.WebRTC.Tests.csproj,dotnet_project,unknown,,,,9.0.302,Unknown,Unknown
E:\1_my_project\dataset\repos\microsoft_MixedRealityToolkit-Unity,unity,unity,,2018.4.20f1,,9.0.302,Unknown,Unknown
E:\1_my_project\dataset\repos\microsoft_MixedRealityToolkit-Unity\Assets\MRTK\Providers\WindowsMixedReality\Shared\DotNetAdapter\DotNetAdapter.csproj,dotnet_project,unknown,,,,9.0.302,Unknown,Unknown
E:\1_my_project\dataset\repos\microsoft_MixedRealityToolkit-Unity\scripts\packaging\NuGetRestoreProject.csproj,dotnet_project,dotnet,,,,9.0.302,Unknown,Unknown
E:\1_my_project\dataset\repos\MinadukiSekina_VRCToolBox\VRCToolBox\VRCToolBox.csproj,dotnet_project,dotnet,net8.0-windows10.0.19041.0,,,9.0.302,Unknown,Unknown
E:\1_my_project\dataset\repos\monkog_3D-Virtual-Fitting-Room\KinectFittingRoom\KinectFittingRoom\KinectFittingRoom.csproj,dotnet_project,unknown,,,,9.0.302,Unknown,Unknown
E:\1_my_project\dataset\repos\monkog_3D-Virtual-Fitting-Room\KinectFittingRoom\KinectFittingRoom_UnitTests\KinectFittingRoom_UnitTests.csproj,dotnet_project,unknown,,,,9.0.302,Unknown,Unknown
E:\1_my_project\dataset\repos\MoonMotionProject_MoonMotion,unity,unity,,2018.1.0f2,,9.0.302,Unknown,Unknown
E:\1_my_project\dataset\repos\MozillaReality_FirefoxRealityPC\Source\FirefoxRealityUnity,unity,unity,,,,9.0.302,Unknown,Unknown
E:\1_my_project\dataset\repos\MPIB_arc-vr,unity,unity,,2020.2.2f1,,9.0.302,Unknown,Unknown
E:\1_my_project\dataset\repos\myieye_cube-arena,unity,unity,,2018.1.6f1,,9.0.302,Unknown,Unknown
E:\1_my_project\dataset\repos\nadir500_USN-VR-Unilateral-spatial-neglect-virtual-reality,unity,unity,,2018.4.17f1,,9.0.302,Unknown,Unknown
E:\1_my_project\dataset\repos\nadir500_USN-VR-Unilateral-spatial-neglect-virtual-reality\Serverbroadcaster,unity,unity,,2017.1.1p1,,9.0.302,Unknown,Unknown
E:\1_my_project\dataset\repos\nicoco007_DynamicOpenVR\Source\DynamicOpenVR.BeatSaber\DynamicOpenVR.BeatSaber.csproj,dotnet_project,dotnet,net472,,,9.0.302,Unknown,Unknown
E:\1_my_project\dataset\repos\nicoco007_DynamicOpenVR\Source\DynamicOpenVR.IL2CPP\DynamicOpenVR.IL2CPP.csproj,dotnet_project,dotnet,net6.0,,,9.0.302,Unknown,Unknown
E:\1_my_project\dataset\repos\nicoco007_DynamicOpenVR\Source\DynamicOpenVR.UntilYouFall\DynamicOpenVR.UntilYouFall.csproj,dotnet_project,dotnet,net6.0,,,9.0.302,Unknown,Unknown
E:\1_my_project\dataset\repos\nicoco007_DynamicOpenVR\Source\DynamicOpenVR\DynamicOpenVR.csproj,dotnet_project,dotnet,netstandard2.0,,,9.0.302,Unknown,Unknown
E:\1_my_project\dataset\repos\nightingaleproject_vrdr-dotnet\VRDR.CLI\DeathRecord.CLI.csproj,dotnet_project,dotnet,netcoreapp6.0,,,9.0.302,Unknown,Unknown
E:\1_my_project\dataset\repos\nightingaleproject_vrdr-dotnet\VRDR.Client\VRDRClient.csproj,dotnet_project,dotnet,,,,9.0.302,Unknown,Unknown
E:\1_my_project\dataset\repos\nightingaleproject_vrdr-dotnet\VRDR.Filter\DeathRecord.Filter.csproj,dotnet_project,dotnet,netcoreapp6.0,,,9.0.302,Unknown,Unknown
E:\1_my_project\dataset\repos\nightingaleproject_vrdr-dotnet\VRDR.HTTP\FhirDeathRecord.HTTP.csproj,dotnet_project,dotnet,netcoreapp6.0,,,9.0.302,Unknown,Unknown
E:\1_my_project\dataset\repos\nightingaleproject_vrdr-dotnet\VRDR.Messaging\VRDRMessaging.csproj,dotnet_project,dotnet,netstandard2.0,,,9.0.302,Unknown,Unknown
E:\1_my_project\dataset\repos\nightingaleproject_vrdr-dotnet\VRDR.Tests\DeathRecord.Tests.csproj,dotnet_project,dotnet,,,,9.0.302,Unknown,Unknown
E:\1_my_project\dataset\repos\nightingaleproject_vrdr-dotnet\VRDR\DeathRecord.csproj,dotnet_project,dotnet,netstandard2.0,,,9.0.302,Unknown,Unknown
E:\1_my_project\dataset\repos\nikhilnxvverma1_vr-photo-album,unity,unity,,5.5.0f3,,9.0.302,Unknown,Unknown
E:\1_my_project\dataset\repos\Noxalus_VR-Escape-Room\Escape Room VR,unity,unity,,2017.3.1f1,,9.0.302,Unknown,Unknown
E:\1_my_project\dataset\repos\oliviasculley_nervv,unity,unity,,2019.3.7f1,,9.0.302,Unknown,Unknown
E:\1_my_project\dataset\repos\omar92_RhythmAttack-VR,unity,unity,,2018.1.5f1,,9.0.302,Unknown,Unknown
E:\1_my_project\dataset\repos\Oscheibe_ARIndoorNav\ARIndoorNav Project,unity,unity,,2018.3.14f1,,9.0.302,Unknown,Unknown
E:\1_my_project\dataset\repos\osmosacademy_vr-passport,unity,unity,,5.2.2f1,,9.0.302,Unknown,Unknown
E:\1_my_project\dataset\repos\OSVR_OSVR-Unity\OSVR-Unity,unity,unity,,5.4.5f1,,9.0.302,Unknown,Unknown
E:\1_my_project\dataset\repos\paulmriordan_MusicVR,unity,unity,,2017.1.3f1,,9.0.302,Unknown,Unknown
E:\1_my_project\dataset\repos\pcriadoperez_readyPlayer2,unity,unity,,2017.1.2f1,,9.0.302,Unknown,Unknown
E:\1_my_project\dataset\repos\PfeifferMicha_imhotep,unity,unity,,2017.2.1p2,,9.0.302,Unknown,Unknown
E:\1_my_project\dataset\repos\pkshetlie_RagnaCustomsApp\src\RagnaCustoms.App\RagnaCustoms.App.csproj,dotnet_project,unknown,,,,9.0.302,Unknown,Unknown
E:\1_my_project\dataset\repos\pkshetlie_RagnaCustomsApp\src\RagnaCustoms.Launcher\RagnaCustoms.Launcher.csproj,dotnet_project,unknown,,,,9.0.302,Unknown,Unknown
E:\1_my_project\dataset\repos\POINT-VR_POINT-VR-Chapter-1\POINT-VR-Chapter-1,unity,unity,,2019.4.20f1,,9.0.302,Unknown,Unknown
E:\1_my_project\dataset\repos\PontusAhlin_HorrorGame,unity,unity,,2022.3.25f1,,9.0.302,Unknown,Unknown
E:\1_my_project\dataset\repos\popabczhang_CityMatrixAR,unity,unity,,5.5.0f3,,9.0.302,Unknown,Unknown
E:\1_my_project\dataset\repos\quintesse_PlayoVR,unity,unity,,2018.2.2f1,,9.0.302,Unknown,Unknown
E:\1_my_project\dataset\repos\Rafapp_SJSU-MaterialsEngineering-VR-lab\src\Unity\VRlab,unity,unity,,2022.2.18f1,,9.0.302,Unknown,Unknown
E:\1_my_project\dataset\repos\Raicuparta_nomai-vr\NomaiVR\NomaiVR.csproj,dotnet_project,dotnet,net4.6,,,9.0.302,Unknown,Unknown
E:\1_my_project\dataset\repos\Raicuparta_nomai-vr\NomaiVRPatcher\NomaiVRPatcher.csproj,dotnet_project,dotnet,net35,,,9.0.302,Unknown,Unknown
E:\1_my_project\dataset\repos\Raicuparta_nomai-vr\Unity,unity,unity,,2019.4.27f1,,9.0.302,Unknown,Unknown
E:\1_my_project\dataset\repos\rbennett22_Zelda_VR,unity,unity,,2017.3.0f3,,9.0.302,Unknown,Unknown
E:\1_my_project\dataset\repos\RealityVirtually2019_Bright,unity,unity,,2018.3.2f1,,9.0.302,Unknown,Unknown
E:\1_my_project\dataset\repos\rh-galaxy_galaxyvr,unity,unity,,2021.3.25f1,,9.0.302,Unknown,Unknown
E:\1_my_project\dataset\repos\rh-galaxy_galaxyvr\Assembly-CSharp-Editor-firstpass.csproj,dotnet_project,unknown,,,,9.0.302,Unknown,Unknown
E:\1_my_project\dataset\repos\rh-galaxy_galaxyvr\Assembly-CSharp-firstpass.csproj,dotnet_project,unknown,,,,9.0.302,Unknown,Unknown
E:\1_my_project\dataset\repos\rh-galaxy_galaxyvr\FMODUnity.csproj,dotnet_project,unknown,,,,9.0.302,Unknown,Unknown
E:\1_my_project\dataset\repos\rh-galaxy_galaxyvr\FMODUnityEditor.csproj,dotnet_project,unknown,,,,9.0.302,Unknown,Unknown
E:\1_my_project\dataset\repos\rh-galaxy_galaxyvr\FMODUnityResonance.csproj,dotnet_project,unknown,,,,9.0.302,Unknown,Unknown
E:\1_my_project\dataset\repos\rh-galaxy_galaxyvr\FMODUnityResonanceEditor.csproj,dotnet_project,unknown,,,,9.0.302,Unknown,Unknown
E:\1_my_project\dataset\repos\rh-galaxy_galaxyvr\com.rlabrecque.steamworks.net.csproj,dotnet_project,unknown,,,,9.0.302,Unknown,Unknown
E:\1_my_project\dataset\repos\rh-galaxy_galaxyvr\com.rlabrecque.steamworks.net.editor.csproj,dotnet_project,unknown,,,,9.0.302,Unknown,Unknown
E:\1_my_project\dataset\repos\RhubarbVR_RhubarbVR_Old\CodeGenerator\CodeGenerator.csproj,dotnet_project,dotnet,netcoreapp3.1,,,9.0.302,Unknown,Unknown
E:\1_my_project\dataset\repos\RhubarbVR_RhubarbVR_Old\ImguiVeldrid\VeldridImGui.csproj,dotnet_project,dotnet,net5.0,,,9.0.302,Unknown,Unknown
E:\1_my_project\dataset\repos\RhubarbVR_RhubarbVR_Old\Numerics\Numerics.csproj,dotnet_project,dotnet,net5.0,,,9.0.302,Unknown,Unknown
E:\1_my_project\dataset\repos\RhubarbVR_RhubarbVR_Old\OpenAL.Net\OpenAL.Net.csproj,dotnet_project,dotnet,net5.0,,,9.0.302,Unknown,Unknown
E:\1_my_project\dataset\repos\RhubarbVR_RhubarbVR_Old\RhubarbEngine\RhubarbEngine.csproj,dotnet_project,dotnet,net5.0,,,9.0.302,Unknown,Unknown
E:\1_my_project\dataset\repos\RhubarbVR_RhubarbVR_Old\RhubarbEngineTests\RhubarbEngineTests.csproj,dotnet_project,dotnet,net5.0,,,9.0.302,Unknown,Unknown
E:\1_my_project\dataset\repos\RhubarbVR_RhubarbVR_Old\RhubarbVR\RhubarbVR.csproj,dotnet_project,dotnet,net5.0,,,9.0.302,Unknown,Unknown
E:\1_my_project\dataset\repos\RhubarbVR_RhubarbVR_Old\RhubarbVRLauncher\RhubarbVRLauncher.csproj,dotnet_project,dotnet,net5.0-windows,,,9.0.302,Unknown,Unknown
E:\1_my_project\dataset\repos\RhubarbVR_RhubarbVR_Old\SharpText.Veldrid\SharpText.Veldrid.csproj,dotnet_project,dotnet,netstandard2.0,,,9.0.302,Unknown,Unknown
E:\1_my_project\dataset\repos\Rigaro_VRProEP\VRProEP,unity,unity,,2019.3.0f6,,9.0.302,Unknown,Unknown
E:\1_my_project\dataset\repos\rogerbarton_vr-modeling,unity,unity,,2019.3.2f1,,9.0.302,Unknown,Unknown
E:\1_my_project\dataset\repos\ronellsicat_DxR,unity,unity,,2017.2.1f1,,9.0.302,Unknown,Unknown
E:\1_my_project\dataset\repos\RussellXie7_Unity_Hololens_Dev,unity,unity,,5.6.1f1,,9.0.302,Unknown,Unknown
E:\1_my_project\dataset\repos\Saarg_Dungeon-VR,unity,unity,,2017.3.0f3,,9.0.302,Unknown,Unknown
E:\1_my_project\dataset\repos\Saticmotion_Vivista,unity,unity,,2021.3.6f1,,9.0.302,Unknown,Unknown
E:\1_my_project\dataset\repos\Sauceke_LoveMachine\src\Installer\Installer.csproj,dotnet_project,dotnet,net6.0,,,9.0.302,Unknown,Unknown
E:\1_my_project\dataset\repos\Sauceke_LoveMachine\src\LoveMachine.AGH\LoveMachine.AGH.csproj,dotnet_project,dotnet,net35,,,9.0.302,Unknown,Unknown
E:\1_my_project\dataset\repos\Sauceke_LoveMachine\src\LoveMachine.AI\LoveMachine.AI.csproj,dotnet_project,dotnet,net46,,,9.0.302,Unknown,Unknown
E:\1_my_project\dataset\repos\Sauceke_LoveMachine\src\LoveMachine.AIDR\LoveMachine.AIDR.csproj,dotnet_project,dotnet,net6.0,,,9.0.302,Unknown,Unknown
E:\1_my_project\dataset\repos\Sauceke_LoveMachine\src\LoveMachine.COM3D2\LoveMachine.COM3D2.csproj,dotnet_project,dotnet,net35,,,9.0.302,Unknown,Unknown
E:\1_my_project\dataset\repos\Sauceke_LoveMachine\src\LoveMachine.Core.IL2CPP\LoveMachine.Core.IL2CPP.csproj,dotnet_project,dotnet,net6.0,,,9.0.302,Unknown,Unknown
E:\1_my_project\dataset\repos\Sauceke_LoveMachine\src\LoveMachine.Core.Pre54\LoveMachine.Core.Pre54.csproj,dotnet_project,dotnet,net35,,,9.0.302,Unknown,Unknown
E:\1_my_project\dataset\repos\Sauceke_LoveMachine\src\LoveMachine.Core\LoveMachine.Core.csproj,dotnet_project,dotnet,net35,,,9.0.302,Unknown,Unknown
E:\1_my_project\dataset\repos\Sauceke_LoveMachine\src\LoveMachine.DJ\LoveMachine.DJ.csproj,dotnet_project,dotnet,net46,,,9.0.302,Unknown,Unknown
E:\1_my_project\dataset\repos\Sauceke_LoveMachine\src\LoveMachine.EC\LoveMachine.EC.csproj,dotnet_project,dotnet,net46,,,9.0.302,Unknown,Unknown
E:\1_my_project\dataset\repos\Sauceke_LoveMachine\src\LoveMachine.HC.DigitalCraft\LoveMachine.HC.DigitalCraft.csproj,dotnet_project,dotnet,net6.0,,,9.0.302,Unknown,Unknown
E:\1_my_project\dataset\repos\Sauceke_LoveMachine\src\LoveMachine.HC\LoveMachine.HC.csproj,dotnet_project,dotnet,net6.0,,,9.0.302,Unknown,Unknown
E:\1_my_project\dataset\repos\Sauceke_LoveMachine\src\LoveMachine.HKR\LoveMachine.HKR.csproj,dotnet_project,dotnet,net6.0,,,9.0.302,Unknown,Unknown
E:\1_my_project\dataset\repos\Sauceke_LoveMachine\src\LoveMachine.HS\LoveMachine.HS.csproj,dotnet_project,dotnet,net35,,,9.0.302,Unknown,Unknown
E:\1_my_project\dataset\repos\Sauceke_LoveMachine\src\LoveMachine.HS2\LoveMachine.HS2.csproj,dotnet_project,dotnet,net46,,,9.0.302,Unknown,Unknown
E:\1_my_project\dataset\repos\Sauceke_LoveMachine\src\LoveMachine.I2C\LoveMachine.I2C.csproj,dotnet_project,dotnet,net46,,,9.0.302,Unknown,Unknown
E:\1_my_project\dataset\repos\Sauceke_LoveMachine\src\LoveMachine.IO\LoveMachine.IO.csproj,dotnet_project,dotnet,net35,,,9.0.302,Unknown,Unknown
E:\1_my_project\dataset\repos\Sauceke_LoveMachine\src\LoveMachine.KK\LoveMachine.KK.csproj,dotnet_project,dotnet,net35,,,9.0.302,Unknown,Unknown
E:\1_my_project\dataset\repos\Sauceke_LoveMachine\src\LoveMachine.KKLB\LoveMachine.KKLB.csproj,dotnet_project,dotnet,net45,,,9.0.302,Unknown,Unknown
E:\1_my_project\dataset\repos\Sauceke_LoveMachine\src\LoveMachine.KKS\LoveMachine.KKS.csproj,dotnet_project,dotnet,net46,,,9.0.302,Unknown,Unknown
E:\1_my_project\dataset\repos\Sauceke_LoveMachine\src\LoveMachine.LE\LoveMachine.LE.csproj,dotnet_project,dotnet,net45,,,9.0.302,Unknown,Unknown
E:\1_my_project\dataset\repos\Sauceke_LoveMachine\src\LoveMachine.OA\LoveMachine.OA.csproj,dotnet_project,dotnet,net6.0,,,9.0.302,Unknown,Unknown
E:\1_my_project\dataset\repos\Sauceke_LoveMachine\src\LoveMachine.OT\LoveMachine.OT.csproj,dotnet_project,dotnet,net45,,,9.0.302,Unknown,Unknown
E:\1_my_project\dataset\repos\Sauceke_LoveMachine\src\LoveMachine.PH\LoveMachine.PH.csproj,dotnet_project,dotnet,net35,,,9.0.302,Unknown,Unknown
E:\1_my_project\dataset\repos\Sauceke_LoveMachine\src\LoveMachine.RG\LoveMachine.RG.csproj,dotnet_project,dotnet,net6.0,,,9.0.302,Unknown,Unknown
E:\1_my_project\dataset\repos\Sauceke_LoveMachine\src\LoveMachine.SC\LoveMachine.SC.csproj,dotnet_project,dotnet,net45,,,9.0.302,Unknown,Unknown
E:\1_my_project\dataset\repos\Sauceke_LoveMachine\src\LoveMachine.SCH\LoveMachine.SCH.csproj,dotnet_project,dotnet,net6.0,,,9.0.302,Unknown,Unknown
E:\1_my_project\dataset\repos\Sauceke_LoveMachine\src\LoveMachine.SCS\LoveMachine.SCS.csproj,dotnet_project,dotnet,net35,,,9.0.302,Unknown,Unknown
E:\1_my_project\dataset\repos\Sauceke_LoveMachine\src\LoveMachine.SG\LoveMachine.SG.csproj,dotnet_project,dotnet,net35,,,9.0.302,Unknown,Unknown
E:\1_my_project\dataset\repos\Sauceke_LoveMachine\src\LoveMachine.VRK\LoveMachine.VRK.csproj,dotnet_project,dotnet,net35,,,9.0.302,Unknown,Unknown
E:\1_my_project\dataset\repos\Sauceke_LoveMachine\src\LoveMachine.WP\LoveMachine.WP.csproj,dotnet_project,dotnet,net35,,,9.0.302,Unknown,Unknown
E:\1_my_project\dataset\repos\SGNLA_unity-arkit-plugin,unity,unity,,2017.1.3f1,,9.0.302,Unknown,Unknown
E:\1_my_project\dataset\repos\sh-akira_VirtualMotionCapture,unity,unity,,2018.1.6f1,,9.0.302,Unknown,Unknown
E:\1_my_project\dataset\repos\sh-akira_VirtualMotionCapture\ControlWindowWPF\ControlWindowWPF\VirtualMotionCaptureControlPanel.csproj,dotnet_project,unknown,,,,9.0.302,Unknown,Unknown
E:\1_my_project\dataset\repos\sh-akira_VirtualMotionCapture\UnityMemoryMappedFile\UnityMemoryMappedFile.csproj,dotnet_project,unknown,,,,9.0.302,Unknown,Unknown
E:\1_my_project\dataset\repos\SkinnyDevi_MU-VR-Experience\frontend\MU-VR-Experience,unity,unity,,2020.3.20f1,,9.0.302,Unknown,Unknown
E:\1_my_project\dataset\repos\Soapwood_VXMusic\VXAutoUpdater\VXAutoUpdater.csproj,dotnet_project,dotnet,net7.0-windows,,,9.0.302,Unknown,Unknown
E:\1_my_project\dataset\repos\Soapwood_VXMusic\VXMusic\VXMusic.csproj,dotnet_project,dotnet,net7.0,,,9.0.302,Unknown,Unknown
E:\1_my_project\dataset\repos\Soapwood_VXMusic\VXMusic\Games\VRChat\VRChatOSCLib\VRChatOSCLib.csproj,dotnet_project,dotnet,net6.0,,,9.0.302,Unknown,Unknown
E:\1_my_project\dataset\repos\Soapwood_VXMusic\VXMusicDesktop\VXMusicDesktop.csproj,dotnet_project,dotnet,net7.0-windows,,,9.0.302,Unknown,Unknown
E:\1_my_project\dataset\repos\Soapwood_VXMusic\VXMusicOverlay,unity,unity,,2020.3.30f1,,9.0.302,Unknown,Unknown
E:\1_my_project\dataset\repos\Soapwood_VXMusic\VXMusicOverlay\Assembly-CSharp-Editor-firstpass.csproj,dotnet_project,unknown,,,,9.0.302,Unknown,Unknown
E:\1_my_project\dataset\repos\Soapwood_VXMusic\VXMusicOverlay\Assembly-CSharp-Editor.csproj,dotnet_project,unknown,,,,9.0.302,Unknown,Unknown
E:\1_my_project\dataset\repos\Soapwood_VXMusic\VXMusicOverlay\Assembly-CSharp-firstpass.csproj,dotnet_project,unknown,,,,9.0.302,Unknown,Unknown
E:\1_my_project\dataset\repos\Soapwood_VXMusic\VXMusicOverlay\Assembly-CSharp.csproj,dotnet_project,unknown,,,,9.0.302,Unknown,Unknown
E:\1_my_project\dataset\repos\SpaceVR-O1_Human\FutureWork\EnfluxUnitySDK\UnityProject,unity,unity,,5.4.0f3,,9.0.302,Unknown,Unknown
E:\1_my_project\dataset\repos\SpaceVR-O1_Human\HumanUnityProjectV0_3,unity,unity,,5.6.2f1,,9.0.302,Unknown,Unknown
E:\1_my_project\dataset\repos\SpaceVR-O1_Human\HumanUnityProjectV0_3\FacebookVR_Template\Unity Sample Project,unity,unity,,5.5.0f3,,9.0.302,Unknown,Unknown
E:\1_my_project\dataset\repos\SpaceVR-O1_Human\HumanUnityProjectV0_3\FacebookVR_Template\__MACOSX\Unity Sample Project,unity,unity,,,,9.0.302,Unknown,Unknown
E:\1_my_project\dataset\repos\stefaanvermassen_virtual-museum-app,unity,unity,,5.0.0f4,,9.0.302,Unknown,Unknown
E:\1_my_project\dataset\repos\Team-on_UnityGameTemplate\GameTemplate,unity,unity,,2021.2.7f1,,9.0.302,Unknown,Unknown
E:\1_my_project\dataset\repos\tetra-fox_VRCMods\AdBlocker\AdBlocker.csproj,dotnet_project,dotnet,,,,9.0.302,Unknown,Unknown
E:\1_my_project\dataset\repos\tetra-fox_VRCMods\CalibrateConfirm\CalibrateConfirm.csproj,dotnet_project,dotnet,,,,9.0.302,Unknown,Unknown
E:\1_my_project\dataset\repos\tetra-fox_VRCMods\ProPlates\ProPlates.csproj,dotnet_project,dotnet,,,,9.0.302,Unknown,Unknown
E:\1_my_project\dataset\repos\tetra-fox_VRCMods\QMFreeze\QMFreeze.csproj,dotnet_project,dotnet,,,,9.0.302,Unknown,Unknown
E:\1_my_project\dataset\repos\tetra-fox_VRCMods\UnmuteSound\UnmuteSound.csproj,dotnet_project,dotnet,,,,9.0.302,Unknown,Unknown
E:\1_my_project\dataset\repos\TomorrowTodayLabs_NewtonVR,unity,unity,,2017.1.1f1,,9.0.302,Unknown,Unknown
E:\1_my_project\dataset\repos\TrevTV_DawnVR\DawnVREnabler\DawnVREnabler.csproj,dotnet_project,unknown,,,,9.0.302,Unknown,Unknown
E:\1_my_project\dataset\repos\TrevTV_DawnVR\DawnVRMod\DawnVRMod.csproj,dotnet_project,unknown,,,,9.0.302,Unknown,Unknown
E:\1_my_project\dataset\repos\TrevTV_DawnVR\VRUnityProject,unity,unity,,5.5.3f1,,9.0.302,Unknown,Unknown
E:\1_my_project\dataset\repos\TrevTV_DawnVR\VRUnityProject_Remaster,unity,unity,,2019.4.0f1,,9.0.302,Unknown,Unknown
E:\1_my_project\dataset\repos\TritonXR_VRUniverse,unity,unity,,2017.3.0f3,,9.0.302,Unknown,Unknown
E:\1_my_project\dataset\repos\Twometer_twometer-vr\TVR.Service\TVR.Service.CLI\TVR.Service.CLI.csproj,dotnet_project,dotnet,net6.0,,,9.0.302,Unknown,Unknown
E:\1_my_project\dataset\repos\Twometer_twometer-vr\TVR.Service\TVR.Service.Core\TVR.Service.Core.csproj,dotnet_project,dotnet,netstandard2.0,,,9.0.302,Unknown,Unknown
E:\1_my_project\dataset\repos\Twometer_twometer-vr\TVR.Service\TVR.Service.Debug\TVR.Service.Debug.csproj,dotnet_project,unknown,,,,9.0.302,Unknown,Unknown
E:\1_my_project\dataset\repos\Twometer_twometer-vr\TVR.Setup\Installer\Installer\Installer.csproj,dotnet_project,unknown,,,,9.0.302,Unknown,Unknown
E:\1_my_project\dataset\repos\ucsdlib_geiselVR,unity,unity,,2017.3.0f3,,9.0.302,Unknown,Unknown
E:\1_my_project\dataset\repos\ultraleap_XR-Keyboard\XR_Keyboard,unity,unity,,2021.3.10f1,,9.0.302,Unknown,Unknown
E:\1_my_project\dataset\repos\UMI3D_UMI3D-SDK\UMI3D-SDK,unity,unity,,2021.3.15f1,,9.0.302,Unknown,Unknown
E:\1_my_project\dataset\repos\Unity-Technologies_InputSystem,unity,unity,,2019.4.8f1,,9.0.302,Unknown,Unknown
E:\1_my_project\dataset\repos\Unity-Technologies_InputSystem\Tools\CodeAnalyzerTestProject,unity,unity,,2019.4.0f1,,9.0.302,Unknown,Unknown
E:\1_my_project\dataset\repos\Unity-Technologies_InputSystem\ExternalSampleProjects\InputDeviceTester,unity,unity,,,,9.0.302,Unknown,Unknown
E:\1_my_project\dataset\repos\Unity-Technologies_InputSystem\ExternalSampleProjects\TanksDemo,unity,unity,,2019.1.0f2,,9.0.302,Unknown,Unknown
E:\1_my_project\dataset\repos\Unity-Technologies_InputSystem\ExternalSampleProjects\TouchSamples,unity,unity,,2019.1.4f1,,9.0.302,Unknown,Unknown
E:\1_my_project\dataset\repos\uqidoacademy_PhysiotherapyVR,unity,unity,,2018.2.16f1,,9.0.302,Unknown,Unknown
E:\1_my_project\dataset\repos\ur-whitelab_simview\hoomd-viz,unity,unity,,2019.1.0f2,,9.0.302,Unknown,Unknown
E:\1_my_project\dataset\repos\vimeo_vimeo-unity-sdk,unity,unity,,2018.2.14f1,,9.0.302,Unknown,Unknown
E:\1_my_project\dataset\repos\VIRTUE-DBIS_virtual-exhibition-presenter,unity,unity,,2020.3.38f1,,9.0.302,Unknown,Unknown
E:\1_my_project\dataset\repos\vitrivr_vitrivr-vr,unity,unity,,2022.3.39f1,,9.0.302,Unknown,Unknown
E:\1_my_project\dataset\repos\Vivero_Kerbal-VR\KerbalVR\KerbalVR.csproj,dotnet_project,unknown,,,,9.0.302,Unknown,Unknown
E:\1_my_project\dataset\repos\ViveSoftware_ViveInputUtility-Unity,unity,unity,,,,9.0.302,Unknown,Unknown
E:\1_my_project\dataset\repos\VolcanicArts_VRCOSC\VRCOSC.App\VRCOSC.App.csproj,dotnet_project,dotnet,net8.0-windows10.0.26100.0,,,9.0.302,Unknown,Unknown
E:\1_my_project\dataset\repos\VolcanicArts_VRCOSC\VRCOSC\VRCOSC.csproj,dotnet_project,dotnet,net8.0-windows10.0.26100.0,,,9.0.302,Unknown,Unknown
E:\1_my_project\dataset\repos\Vova-SH_AirAttack,unity,unity,,2018.1.0f2,,9.0.302,Unknown,Unknown
E:\1_my_project\dataset\repos\VPRL_Virginia-Philosophy-Reality-Lab\Unity3D\VPRL_Art,unity,unity,,2021.2.3f1,,9.0.302,Unknown,Unknown
E:\1_my_project\dataset\repos\VPRL_Virginia-Philosophy-Reality-Lab\Unity3D\VPRL_Splines,unity,unity,,2020.3.20f1,,9.0.302,Unknown,Unknown
E:\1_my_project\dataset\repos\vradarserver_vrs\Plugin.BaseStationDatabaseWriter\Plugin.BaseStationDatabaseWriter.csproj,dotnet_project,unknown,,,,9.0.302,Unknown,Unknown
E:\1_my_project\dataset\repos\vradarserver_vrs\Plugin.CustomContent\Plugin.CustomContent.csproj,dotnet_project,unknown,,,,9.0.302,Unknown,Unknown
E:\1_my_project\dataset\repos\vradarserver_vrs\Plugin.DatabaseEditor\Plugin.DatabaseEditor.csproj,dotnet_project,unknown,,,,9.0.302,Unknown,Unknown
E:\1_my_project\dataset\repos\vradarserver_vrs\Plugin.DisableAudio\Plugin.DisableAudio.csproj,dotnet_project,unknown,,,,9.0.302,Unknown,Unknown
E:\1_my_project\dataset\repos\vradarserver_vrs\Plugin.DisableUPnP\Plugin.DisableUPnP.csproj,dotnet_project,unknown,,,,9.0.302,Unknown,Unknown
E:\1_my_project\dataset\repos\vradarserver_vrs\Plugin.FeedFilter\Plugin.FeedFilter.csproj,dotnet_project,unknown,,,,9.0.302,Unknown,Unknown
E:\1_my_project\dataset\repos\vradarserver_vrs\Plugin.SqlServer\Plugin.SqlServer.csproj,dotnet_project,unknown,,,,9.0.302,Unknown,Unknown
E:\1_my_project\dataset\repos\vradarserver_vrs\Plugin.TileServerCache\Plugin.TileServerCache.csproj,dotnet_project,unknown,,,,9.0.302,Unknown,Unknown
E:\1_my_project\dataset\repos\vradarserver_vrs\Plugin.Vatsim\Plugin.Vatsim.csproj,dotnet_project,unknown,,,,9.0.302,Unknown,Unknown
E:\1_my_project\dataset\repos\vradarserver_vrs\Plugin.WebAdmin\Plugin.WebAdmin.csproj,dotnet_project,unknown,,,,9.0.302,Unknown,Unknown
E:\1_my_project\dataset\repos\vradarserver_vrs\SQLiteWrapper.DotNet.AnyCPU\SQLiteWrapper.DotNet.AnyCPU.csproj,dotnet_project,unknown,,,,9.0.302,Unknown,Unknown
E:\1_my_project\dataset\repos\vradarserver_vrs\SQLiteWrapper.DotNet\SQLiteWrapper.DotNet.csproj,dotnet_project,unknown,,,,9.0.302,Unknown,Unknown
E:\1_my_project\dataset\repos\vradarserver_vrs\SQLiteWrapper.Mono\SQLiteWrapper.Mono.csproj,dotnet_project,unknown,,,,9.0.302,Unknown,Unknown
E:\1_my_project\dataset\repos\vradarserver_vrs\Test\Test.Framework\Test.Framework.csproj,dotnet_project,unknown,,,,9.0.302,Unknown,Unknown
E:\1_my_project\dataset\repos\vradarserver_vrs\Test\Test.Plugin.BaseStationDatabaseWriter\Test.Plugin.BaseStationDatabaseWriter.csproj,dotnet_project,unknown,,,,9.0.302,Unknown,Unknown
E:\1_my_project\dataset\repos\vradarserver_vrs\Test\Test.VirtualRadar.Database\Test.VirtualRadar.Database.csproj,dotnet_project,unknown,,,,9.0.302,Unknown,Unknown
E:\1_my_project\dataset\repos\vradarserver_vrs\Test\Test.VirtualRadar.Interface\Test.VirtualRadar.Interface.csproj,dotnet_project,unknown,,,,9.0.302,Unknown,Unknown
E:\1_my_project\dataset\repos\vradarserver_vrs\Test\Test.VirtualRadar.Library\Test.VirtualRadar.Library.csproj,dotnet_project,unknown,,,,9.0.302,Unknown,Unknown
E:\1_my_project\dataset\repos\vradarserver_vrs\Test\Test.VirtualRadar.WebServer\Test.VirtualRadar.WebServer.csproj,dotnet_project,unknown,,,,9.0.302,Unknown,Unknown
E:\1_my_project\dataset\repos\vradarserver_vrs\Test\Test.VirtualRadar.WebSite\Test.VirtualRadar.WebSite.csproj,dotnet_project,unknown,,,,9.0.302,Unknown,Unknown
E:\1_my_project\dataset\repos\vradarserver_vrs\ThirdParty\TypeLite.Net35\TypeLite.Net35.csproj,dotnet_project,unknown,,,,9.0.302,Unknown,Unknown
E:\1_my_project\dataset\repos\vradarserver_vrs\Utilities\BaseStationImport\BaseStationImport.csproj,dotnet_project,unknown,,,,9.0.302,Unknown,Unknown
E:\1_my_project\dataset\repos\vradarserver_vrs\VirtualRadar-Service\VirtualRadar-Service.csproj,dotnet_project,unknown,,,,9.0.302,Unknown,Unknown
E:\1_my_project\dataset\repos\vradarserver_vrs\VirtualRadar.Database\VirtualRadar.Database.csproj,dotnet_project,unknown,,,,9.0.302,Unknown,Unknown
E:\1_my_project\dataset\repos\vradarserver_vrs\VirtualRadar.Headless\VirtualRadar.Headless.csproj,dotnet_project,unknown,,,,9.0.302,Unknown,Unknown
E:\1_my_project\dataset\repos\vradarserver_vrs\VirtualRadar.Interface\VirtualRadar.Interface.csproj,dotnet_project,unknown,,,,9.0.302,Unknown,Unknown
E:\1_my_project\dataset\repos\vradarserver_vrs\VirtualRadar.Interop\VirtualRadar.Interop.csproj,dotnet_project,unknown,,,,9.0.302,Unknown,Unknown
E:\1_my_project\dataset\repos\vradarserver_vrs\VirtualRadar.Library\VirtualRadar.Library.csproj,dotnet_project,unknown,,,,9.0.302,Unknown,Unknown
E:\1_my_project\dataset\repos\vradarserver_vrs\VirtualRadar.Localisation\VirtualRadar.Localisation.csproj,dotnet_project,unknown,,,,9.0.302,Unknown,Unknown
E:\1_my_project\dataset\repos\vradarserver_vrs\VirtualRadar.Resources\VirtualRadar.Resources.csproj,dotnet_project,unknown,,,,9.0.302,Unknown,Unknown
E:\1_my_project\dataset\repos\vradarserver_vrs\VirtualRadar.WebServer.HttpListener\VirtualRadar.WebServer.HttpListener.csproj,dotnet_project,unknown,,,,9.0.302,Unknown,Unknown
E:\1_my_project\dataset\repos\vradarserver_vrs\VirtualRadar.WebServer\VirtualRadar.WebServer.csproj,dotnet_project,unknown,,,,9.0.302,Unknown,Unknown
E:\1_my_project\dataset\repos\vradarserver_vrs\VirtualRadar.WebSite\VirtualRadar.WebSite.csproj,dotnet_project,unknown,,,,9.0.302,Unknown,Unknown
E:\1_my_project\dataset\repos\vradarserver_vrs\VirtualRadar.WinForms\VirtualRadar.WinForms.csproj,dotnet_project,unknown,,,,9.0.302,Unknown,Unknown
E:\1_my_project\dataset\repos\vradarserver_vrs\VirtualRadar\VirtualRadar.csproj,dotnet_project,unknown,,,,9.0.302,Unknown,Unknown
E:\1_my_project\dataset\repos\vrc-get_vrc-get\vrc-get-gui\project-templates\avatars-2019.4.31f1,unity,unity,,2019.4.31f1,,9.0.302,Unknown,Unknown
E:\1_my_project\dataset\repos\vrc-get_vrc-get\vrc-get-gui\project-templates\avatars-2022.3.22f1,unity,unity,,2022.3.22f1,,9.0.302,Unknown,Unknown
E:\1_my_project\dataset\repos\vrc-get_vrc-get\vrc-get-gui\project-templates\avatars-2022.3.6f1,unity,unity,,2022.3.6f1,,9.0.302,Unknown,Unknown
E:\1_my_project\dataset\repos\vrc-get_vrc-get\vrc-get-gui\project-templates\worlds-2019.4.31f1,unity,unity,,2019.4.31f1,,9.0.302,Unknown,Unknown
E:\1_my_project\dataset\repos\vrc-get_vrc-get\vrc-get-gui\project-templates\worlds-2022.3.22f1,unity,unity,,2022.3.22f1,,9.0.302,Unknown,Unknown
E:\1_my_project\dataset\repos\vrc-get_vrc-get\vrc-get-gui\project-templates\worlds-2022.3.6f1,unity,unity,,2022.3.6f1,,9.0.302,Unknown,Unknown
E:\1_my_project\dataset\repos\VRCFury_VRCFury\.github\workflows\test_project,unity,unity,,2019.4.31f1,,9.0.302,Unknown,Unknown
E:\1_my_project\dataset\repos\VRcolVento_ChatVRoom,unity,unity,,,,9.0.302,Unknown,Unknown
