Project Name,Path,Type,,Type,计数项:Type
3Glasses_UnitySDK,E:\1_my_project\dataset\repos\3Glasses_UnitySDK,Unity(C#),,.NET / C#,1
AdGoBye_AdGoBye,E:\1_my_project\dataset\repos\AdGoBye_AdGoBye,.NET / C#,,C# Project(VR Related),1
aestheticinteractive_Hover-UI-Kit,E:\1_my_project\dataset\repos\aestheticinteractive_Hover-UI-Kit,Unity(C#),,NativeVR(C++),1
aggie-coding-club_the-brute-vr,E:\1_my_project\dataset\repos\aggie-coding-club_the-brute-vr,Unity(C#),,Unity C# 插件化,44
alanbrilliant_MolecularZoo,E:\1_my_project\dataset\repos\alanbrilliant_MolecularZoo,Unity(C#),,Unity(C#),113
alexnaraghi_clash-of-clones,E:\1_my_project\dataset\repos\alexnaraghi_clash-of-clones,Unity(C#),,Unknown,25
alvinquach_jpl-trek-vr,E:\1_my_project\dataset\repos\alvinquach_jpl-trek-vr,Unity(C#),,,
ameliacode_ColoringPotVR,E:\1_my_project\dataset\repos\ameliacode_ColoringPotVR,Unity(C#),,,
AmigoCap_ReViVD,E:\1_my_project\dataset\repos\AmigoCap_ReViVD,Unity(C#),,,
AndreasRoither_Virtual-interaction-library,E:\1_my_project\dataset\repos\AndreasRoither_Virtual-interaction-library,Unity(C#),,,
arm0ky0_SteamVR_Toolkit_Unity,E:\1_my_project\dataset\repos\arm0ky0_SteamVR_Toolkit_Unity,Unity(C#),,,
augcog_ISAACS_Interface,E:\1_my_project\dataset\repos\augcog_ISAACS_Interface,Unity(C#),,,
aura-hull_AuraVRGame,E:\1_my_project\dataset\repos\aura-hull_AuraVRGame,Unity(C#),,,
Auros_SiraUtil,E:\1_my_project\dataset\repos\Auros_SiraUtil,Unity(C#),,,
azb_UnityVRTutorialMaker,E:\1_my_project\dataset\repos\azb_UnityVRTutorialMaker,Unity(C#),,,
Barliesque_HandsOnVR,E:\1_my_project\dataset\repos\Barliesque_HandsOnVR,Unity(C#),,,
benaclejames_VRCFaceTracking,E:\1_my_project\dataset\repos\benaclejames_VRCFaceTracking,Unity(C#),,,
BioMotionLab_TUX,E:\1_my_project\dataset\repos\BioMotionLab_TUX,Unity(C#),,,
BIVROST_360PlayerWindows,E:\1_my_project\dataset\repos\BIVROST_360PlayerWindows,Unknown,,,
bobsixtyfour_vrchat-asl,E:\1_my_project\dataset\repos\bobsixtyfour_vrchat-asl,Unknown,,,
BOLL7708_OpenVRNotificationPipe,E:\1_my_project\dataset\repos\BOLL7708_OpenVRNotificationPipe,Unity C# 插件化,,,
brandonmousseau_vhvr-mod,E:\1_my_project\dataset\repos\brandonmousseau_vhvr-mod,Unity C# 插件化,,,
CallumHoughton18_ChemViewAR,E:\1_my_project\dataset\repos\CallumHoughton18_ChemViewAR,Unity(C#),,,
ChanyaVRC_VRCOscLib,E:\1_my_project\dataset\repos\ChanyaVRC_VRCOscLib,Unity C# 插件化,,,
chychen_air_writing,E:\1_my_project\dataset\repos\chychen_air_writing,Unknown,,,
CircuitLord_NotReaper,E:\1_my_project\dataset\repos\CircuitLord_NotReaper,Unity(C#),,,
cjb3768_VR-Fearless,E:\1_my_project\dataset\repos\cjb3768_VR-Fearless,Unity(C#),,,
cog-ethz_EVE,E:\1_my_project\dataset\repos\cog-ethz_EVE,Unity(C#),,,
CognitiveVR_cvr-sdk-unity,E:\1_my_project\dataset\repos\CognitiveVR_cvr-sdk-unity,Unity(C#),,,
comp159-fall17_final-project-prefabulous,E:\1_my_project\dataset\repos\comp159-fall17_final-project-prefabulous,Unity(C#),,,
concord-consortium_CEASAR,E:\1_my_project\dataset\repos\concord-consortium_CEASAR,Unity(C#),,,
createthis_createthis_vr_ui,E:\1_my_project\dataset\repos\createthis_createthis_vr_ui,Unity(C#),,,
dakyneko_DakyModsCVR,E:\1_my_project\dataset\repos\dakyneko_DakyModsCVR,Unity C# 插件化,,,
danielcolinjames_Terminal,E:\1_my_project\dataset\repos\danielcolinjames_Terminal,Unity(C#),,,
dantman_elite-vr-cockpit,E:\1_my_project\dataset\repos\dantman_elite-vr-cockpit,Unity(C#),,,
DaXcess_LCVR,E:\1_my_project\dataset\repos\DaXcess_LCVR,C# Project(VR Related),,,
ddoak_peppy,E:\1_my_project\dataset\repos\ddoak_peppy,Unity(C#),,,
deanstein_CinderellaCityProject,E:\1_my_project\dataset\repos\deanstein_CinderellaCityProject,Unity(C#),,,
demonixis_C3DE,E:\1_my_project\dataset\repos\demonixis_C3DE,Unity C# 插件化,,,
dioram_Elektronik,E:\1_my_project\dataset\repos\dioram_Elektronik,Unity(C#),,,
dioram_Elektronik-Tools-2.0,E:\1_my_project\dataset\repos\dioram_Elektronik-Tools-2.0,Unity(C#),,,
doodlum_skyrim-community-shaders,E:\1_my_project\dataset\repos\doodlum_skyrim-community-shaders,Unknown,,,
dooly123_Basis,E:\1_my_project\dataset\repos\dooly123_Basis,Unity(C#),,,
DrBibop_RoR2VRMod,E:\1_my_project\dataset\repos\DrBibop_RoR2VRMod,Unity C# 插件化,,,
drew-thompson_flori-vr,E:\1_my_project\dataset\repos\drew-thompson_flori-vr,Unity(C#),,,
DSprtn_GTFO_VR_Plugin,E:\1_my_project\dataset\repos\DSprtn_GTFO_VR_Plugin,Unity C# 插件化,,,
durrantlab_protein-vr,E:\1_my_project\dataset\repos\durrantlab_protein-vr,Unknown,,,
Eclmist_Snowfield-VR,E:\1_my_project\dataset\repos\Eclmist_Snowfield-VR,Unity(C#),,,
edwonedwon_VR-Infinite-Gesture,E:\1_my_project\dataset\repos\edwonedwon_VR-Infinite-Gesture,Unity(C#),,,
EliaFantini_RocketMan-a-VR-videogame-created-with-Unity,E:\1_my_project\dataset\repos\EliaFantini_RocketMan-a-VR-videogame-created-with-Unity,Unity(C#),,,
esperecyan_VRMConverterForVRChat,E:\1_my_project\dataset\repos\esperecyan_VRMConverterForVRChat,Unity C# 插件化,,,
Eusth_VRGIN,E:\1_my_project\dataset\repos\Eusth_VRGIN,Unity C# 插件化,,,
ExtendRealityLtd_VRTK,E:\1_my_project\dataset\repos\ExtendRealityLtd_VRTK,Unity(C#),,,
ExtendRealityLtd_Zinnia.Unity,E:\1_my_project\dataset\repos\ExtendRealityLtd_Zinnia.Unity,Unity(C#),,,
Faceplant-Games_epicslash,E:\1_my_project\dataset\repos\Faceplant-Games_epicslash,Unity(C#),,,
Facepunch_sbox-tabletennis-vr,E:\1_my_project\dataset\repos\Facepunch_sbox-tabletennis-vr,Unity(C#),,,
FarahKamleh_Group4.Project3,E:\1_my_project\dataset\repos\FarahKamleh_Group4.Project3,Unity(C#),,,
fholger_farcry_vrmod,E:\1_my_project\dataset\repos\fholger_farcry_vrmod,Unknown,,,
FireEmerald_VRLabyrinth,E:\1_my_project\dataset\repos\FireEmerald_VRLabyrinth,Unity(C#),,,
fralvarezz_Intention-Prediction-VR-DNN,E:\1_my_project\dataset\repos\fralvarezz_Intention-Prediction-VR-DNN,Unity(C#),,,
framefield_vr-annotate,E:\1_my_project\dataset\repos\framefield_vr-annotate,Unity(C#),,,
fufjvnvnf_NYVRHack,E:\1_my_project\dataset\repos\fufjvnvnf_NYVRHack,Unity(C#),,,
futurerealitylab_Holojam,E:\1_my_project\dataset\repos\futurerealitylab_Holojam,Unity(C#),,,
GameLabGraz_Maroon,E:\1_my_project\dataset\repos\GameLabGraz_Maroon,Unknown,,,
gatosyocora_VRCAvatarEditor,E:\1_my_project\dataset\repos\gatosyocora_VRCAvatarEditor,Unity(C#),,,
gatosyocora_VRCPhotoAlbum,E:\1_my_project\dataset\repos\gatosyocora_VRCPhotoAlbum,Unity C# 插件化,,,
Geetchopra_TheGameOfPoles,E:\1_my_project\dataset\repos\Geetchopra_TheGameOfPoles,Unity(C#),,,
giveaphuk_SteamVR_Unity_Toolkit,E:\1_my_project\dataset\repos\giveaphuk_SteamVR_Unity_Toolkit,Unity(C#),,,
gompocp_VRChatMods,E:\1_my_project\dataset\repos\gompocp_VRChatMods,Unknown,,,
Gothic-UnZENity-Project_Gothic-UnZENity,E:\1_my_project\dataset\repos\Gothic-UnZENity-Project_Gothic-UnZENity,Unity(C#),,,
gpsnmeajp_EasyVirtualMotionCaptureForUnity,E:\1_my_project\dataset\repos\gpsnmeajp_EasyVirtualMotionCaptureForUnity,Unknown,,,
gpvigano_VRTK-GearVR-Test,E:\1_my_project\dataset\repos\gpvigano_VRTK-GearVR-Test,Unity(C#),,,
HalcyonGrid_halcyon,E:\1_my_project\dataset\repos\HalcyonGrid_halcyon,Unity C# 插件化,,,
halsafar_BeatSaberSongBrowser,E:\1_my_project\dataset\repos\halsafar_BeatSaberSongBrowser,Unknown,,,
holojam_HolojamSDK-Unity,E:\1_my_project\dataset\repos\holojam_HolojamSDK-Unity,Unknown,,,
hyperlogic_splatapult,E:\1_my_project\dataset\repos\hyperlogic_splatapult,NativeVR(C++),,,
I5UCC_VRCTextboxSTT,E:\1_my_project\dataset\repos\I5UCC_VRCTextboxSTT,Unknown,,,
iamtomhewitt_jet-dash-vr,E:\1_my_project\dataset\repos\iamtomhewitt_jet-dash-vr,Unity(C#),,,
iamtomhewitt_vr-pacman,E:\1_my_project\dataset\repos\iamtomhewitt_vr-pacman,Unity(C#),,,
icosa-gallery_open-brush,E:\1_my_project\dataset\repos\icosa-gallery_open-brush,Unity(C#),,,
immersivecognition_unity-experiment-framework,E:\1_my_project\dataset\repos\immersivecognition_unity-experiment-framework,Unity(C#),,,
Innoactive_Creator,E:\1_my_project\dataset\repos\Innoactive_Creator,Unity C# 插件化,,,
intiface_intiface-game-haptics-router,E:\1_my_project\dataset\repos\intiface_intiface-game-haptics-router,Unity C# 插件化,,,
Jamy4000_VRDF,E:\1_my_project\dataset\repos\Jamy4000_VRDF,Unity(C#),,,
JaneliaSciComp_janelia-unity-toolkit,E:\1_my_project\dataset\repos\JaneliaSciComp_janelia-unity-toolkit,Unknown,,,
JAYESHBATRA_Virtuo-Learn,E:\1_my_project\dataset\repos\JAYESHBATRA_Virtuo-Learn,Unknown,,,
jcorvinus_HandshakeVR,E:\1_my_project\dataset\repos\jcorvinus_HandshakeVR,Unity(C#),,,
jdmayer_VR_Esclab,E:\1_my_project\dataset\repos\jdmayer_VR_Esclab,Unity(C#),,,
Joshuarox100_VRC-Inventory-Inventor,E:\1_my_project\dataset\repos\Joshuarox100_VRC-Inventory-Inventor,Unity C# 插件化,,,
JPMMaia_interactive-collaboration-platform-in-AR,E:\1_my_project\dataset\repos\JPMMaia_interactive-collaboration-platform-in-AR,Unity(C#),,,
JScott_ViveGrip,E:\1_my_project\dataset\repos\JScott_ViveGrip,Unity(C#),,,
JWdori_VR-MCT,E:\1_my_project\dataset\repos\JWdori_VR-MCT,Unity(C#),,,
KandoozStudio_Kinteractions-VR,E:\1_my_project\dataset\repos\KandoozStudio_Kinteractions-VR,Unity C# 插件化,,,
knah_VRCMods,E:\1_my_project\dataset\repos\knah_VRCMods,Unity C# 插件化,,,
kurotu_VRCQuestTools,E:\1_my_project\dataset\repos\kurotu_VRCQuestTools,Unity(C#),,,
leapmotion_Paint,E:\1_my_project\dataset\repos\leapmotion_Paint,Unity(C#),,,
Louis-de-Lavenne-de-Choulot_ALGOSUP_2022_Project_4_F,E:\1_my_project\dataset\repos\Louis-de-Lavenne-de-Choulot_ALGOSUP_2022_Project_4_F,Unity(C#),,,
Mastergalen_Supermarket-Sim,E:\1_my_project\dataset\repos\Mastergalen_Supermarket-Sim,Unity(C#),,,
mateo-a_holbertonschool-csharp,E:\1_my_project\dataset\repos\mateo-a_holbertonschool-csharp,Unknown,,,
Math0424_SpaceEngineersVR,E:\1_my_project\dataset\repos\Math0424_SpaceEngineersVR,Unity(C#),,,
MatrikMoon_TournamentAssistant,E:\1_my_project\dataset\repos\MatrikMoon_TournamentAssistant,Unknown,,,
matryx_calcflow,E:\1_my_project\dataset\repos\matryx_calcflow,Unity(C#),,,
MayouKurayami_KK_CyuVR,E:\1_my_project\dataset\repos\MayouKurayami_KK_CyuVR,Unity C# 插件化,,,
MayouKurayami_KK_SetParentVR,E:\1_my_project\dataset\repos\MayouKurayami_KK_SetParentVR,Unity C# 插件化,,,
MephestoKhaan_HandPosing,E:\1_my_project\dataset\repos\MephestoKhaan_HandPosing,Unity C# 插件化,,,
mgschwan_VRWorkout,E:\1_my_project\dataset\repos\mgschwan_VRWorkout,Unknown,,,
mhwlng_fip-elite,E:\1_my_project\dataset\repos\mhwlng_fip-elite,Unknown,,,
microsoft_mixed-reality-extension-unity,E:\1_my_project\dataset\repos\microsoft_mixed-reality-extension-unity,Unity C# 插件化,,,
microsoft_MixedReality-WebRTC,E:\1_my_project\dataset\repos\microsoft_MixedReality-WebRTC,Unity C# 插件化,,,
microsoft_MixedRealityToolkit-Unity,E:\1_my_project\dataset\repos\microsoft_MixedRealityToolkit-Unity,Unity(C#),,,
MinadukiSekina_VRCToolBox,E:\1_my_project\dataset\repos\MinadukiSekina_VRCToolBox,Unity C# 插件化,,,
misyaguziya_VRCT,E:\1_my_project\dataset\repos\misyaguziya_VRCT,Unity C# 插件化,,,
monkog_3D-Virtual-Fitting-Room,E:\1_my_project\dataset\repos\monkog_3D-Virtual-Fitting-Room,Unity C# 插件化,,,
MoonMotionProject_MoonMotion,E:\1_my_project\dataset\repos\MoonMotionProject_MoonMotion,Unity(C#),,,
MozillaReality_FirefoxRealityPC,E:\1_my_project\dataset\repos\MozillaReality_FirefoxRealityPC,Unity C# 插件化,,,
MPIB_arc-vr,E:\1_my_project\dataset\repos\MPIB_arc-vr,Unity(C#),,,
myieye_cube-arena,E:\1_my_project\dataset\repos\myieye_cube-arena,Unity(C#),,,
mynameisjohn_wrapVR,E:\1_my_project\dataset\repos\mynameisjohn_wrapVR,Unity C# 插件化,,,
nadir500_USN-VR-Unilateral-spatial-neglect-virtual-reality,E:\1_my_project\dataset\repos\nadir500_USN-VR-Unilateral-spatial-neglect-virtual-reality,Unity(C#),,,
nicoco007_DynamicOpenVR,E:\1_my_project\dataset\repos\nicoco007_DynamicOpenVR,Unity C# 插件化,,,
nightingaleproject_vrdr-dotnet,E:\1_my_project\dataset\repos\nightingaleproject_vrdr-dotnet,Unity C# 插件化,,,
nikhilnxvverma1_vr-photo-album,E:\1_my_project\dataset\repos\nikhilnxvverma1_vr-photo-album,Unity(C#),,,
Noxalus_VR-Escape-Room,E:\1_my_project\dataset\repos\Noxalus_VR-Escape-Room,Unity C# 插件化,,,
oliviasculley_nervv,E:\1_my_project\dataset\repos\oliviasculley_nervv,Unity(C#),,,
omar92_RhythmAttack-VR,E:\1_my_project\dataset\repos\omar92_RhythmAttack-VR,Unity(C#),,,
oneVR_VRWorldToolkit,E:\1_my_project\dataset\repos\oneVR_VRWorldToolkit,Unity C# 插件化,,,
Oscheibe_ARIndoorNav,E:\1_my_project\dataset\repos\Oscheibe_ARIndoorNav,Unity(C#),,,
osmosacademy_vr-passport,E:\1_my_project\dataset\repos\osmosacademy_vr-passport,Unity(C#),,,
OSVR_OSVR-Unity,E:\1_my_project\dataset\repos\OSVR_OSVR-Unity,Unity(C#),,,
paulmriordan_MusicVR,E:\1_my_project\dataset\repos\paulmriordan_MusicVR,Unity(C#),,,
pcriadoperez_readyPlayer2,E:\1_my_project\dataset\repos\pcriadoperez_readyPlayer2,Unity(C#),,,
PfeifferMicha_imhotep,E:\1_my_project\dataset\repos\PfeifferMicha_imhotep,Unity(C#),,,
pkshetlie_RagnaCustomsApp,E:\1_my_project\dataset\repos\pkshetlie_RagnaCustomsApp,Unity C# 插件化,,,
POINT-VR_POINT-VR-Chapter-1,E:\1_my_project\dataset\repos\POINT-VR_POINT-VR-Chapter-1,Unity(C#),,,
PontusAhlin_HorrorGame,E:\1_my_project\dataset\repos\PontusAhlin_HorrorGame,Unity(C#),,,
popabczhang_CityMatrixAR,E:\1_my_project\dataset\repos\popabczhang_CityMatrixAR,Unity(C#),,,
quintesse_PlayoVR,E:\1_my_project\dataset\repos\quintesse_PlayoVR,Unity(C#),,,
Rafapp_SJSU-MaterialsEngineering-VR-lab,E:\1_my_project\dataset\repos\Rafapp_SJSU-MaterialsEngineering-VR-lab,Unity(C#),,,
Raicuparta_nomai-vr,E:\1_my_project\dataset\repos\Raicuparta_nomai-vr,Unity C# 插件化,,,
rbennett22_Zelda_VR,E:\1_my_project\dataset\repos\rbennett22_Zelda_VR,Unity(C#),,,
realitycollective_com.realitytoolkit.core,E:\1_my_project\dataset\repos\realitycollective_com.realitytoolkit.core,Unity C# 插件化,,,
RealityVirtually2019_Bright,E:\1_my_project\dataset\repos\RealityVirtually2019_Bright,Unity(C#),,,
rh-galaxy_galaxyvr,E:\1_my_project\dataset\repos\rh-galaxy_galaxyvr,Unity(C#),,,
RhubarbVR_RhubarbVR_Old,E:\1_my_project\dataset\repos\RhubarbVR_RhubarbVR_Old,Unity C# 插件化,,,
Rigaro_VRProEP,E:\1_my_project\dataset\repos\Rigaro_VRProEP,Unity(C#),,,
rogerbarton_vr-modeling,E:\1_my_project\dataset\repos\rogerbarton_vr-modeling,Unity(C#),,,
ronellsicat_DxR,E:\1_my_project\dataset\repos\ronellsicat_DxR,Unity(C#),,,
RussellXie7_Unity_Hololens_Dev,E:\1_my_project\dataset\repos\RussellXie7_Unity_Hololens_Dev,Unity(C#),,,
Saarg_Dungeon-VR,E:\1_my_project\dataset\repos\Saarg_Dungeon-VR,Unity(C#),,,
Saticmotion_Vivista,E:\1_my_project\dataset\repos\Saticmotion_Vivista,Unity(C#),,,
Sauceke_LoveMachine,E:\1_my_project\dataset\repos\Sauceke_LoveMachine,Unity C# 插件化,,,
SGNLA_unity-arkit-plugin,E:\1_my_project\dataset\repos\SGNLA_unity-arkit-plugin,Unity(C#),,,
sh-akira_VirtualMotionCapture,E:\1_my_project\dataset\repos\sh-akira_VirtualMotionCapture,Unity(C#),,,
SkinnyDevi_MU-VR-Experience,E:\1_my_project\dataset\repos\SkinnyDevi_MU-VR-Experience,Unknown,,,
Soapwood_VXMusic,E:\1_my_project\dataset\repos\Soapwood_VXMusic,Unity C# 插件化,,,
SpaceVR-O1_Human,E:\1_my_project\dataset\repos\SpaceVR-O1_Human,Unity(C#),,,
stefaanvermassen_virtual-museum-app,E:\1_my_project\dataset\repos\stefaanvermassen_virtual-museum-app,Unity(C#),,,
Team-on_UnityGameTemplate,E:\1_my_project\dataset\repos\Team-on_UnityGameTemplate,Unity(C#),,,
tetra-fox_VRCMods,E:\1_my_project\dataset\repos\tetra-fox_VRCMods,Unity C# 插件化,,,
TomorrowTodayLabs_NewtonVR,E:\1_my_project\dataset\repos\TomorrowTodayLabs_NewtonVR,Unity(C#),,,
TrevTV_DawnVR,E:\1_my_project\dataset\repos\TrevTV_DawnVR,Unity C# 插件化,,,
TritonXR_VRUniverse,E:\1_my_project\dataset\repos\TritonXR_VRUniverse,Unity(C#),,,
Twometer_twometer-vr,E:\1_my_project\dataset\repos\Twometer_twometer-vr,Unknown,,,
ucsdlib_geiselVR,E:\1_my_project\dataset\repos\ucsdlib_geiselVR,Unity(C#),,,
ultraleap_UnityPlugin,E:\1_my_project\dataset\repos\ultraleap_UnityPlugin,Unity C# 插件化,,,
ultraleap_XR-Keyboard,E:\1_my_project\dataset\repos\ultraleap_XR-Keyboard,Unity(C#),,,
UMI3D_UMI3D-SDK,E:\1_my_project\dataset\repos\UMI3D_UMI3D-SDK,Unity(C#),,,
Unity-Technologies_EditorXR,E:\1_my_project\dataset\repos\Unity-Technologies_EditorXR,Unity C# 插件化,,,
Unity-Technologies_InputSystem,E:\1_my_project\dataset\repos\Unity-Technologies_InputSystem,Unity(C#),,,
uqidoacademy_PhysiotherapyVR,E:\1_my_project\dataset\repos\uqidoacademy_PhysiotherapyVR,Unity(C#),,,
ur-whitelab_simview,E:\1_my_project\dataset\repos\ur-whitelab_simview,Unknown,,,
vimeo_vimeo-unity-sdk,E:\1_my_project\dataset\repos\vimeo_vimeo-unity-sdk,Unity(C#),,,
VIRTUE-DBIS_virtual-exhibition-presenter,E:\1_my_project\dataset\repos\VIRTUE-DBIS_virtual-exhibition-presenter,Unity(C#),,,
VisActor_VRender,E:\1_my_project\dataset\repos\VisActor_VRender,Unknown,,,
vitrivr_vitrivr-vr,E:\1_my_project\dataset\repos\vitrivr_vitrivr-vr,Unity(C#),,,
Vivero_Kerbal-VR,E:\1_my_project\dataset\repos\Vivero_Kerbal-VR,Unknown,,,
ViveSoftware_ViveInputUtility-Unity,E:\1_my_project\dataset\repos\ViveSoftware_ViveInputUtility-Unity,Unity(C#),,,
VolcanicArts_VRCOSC,E:\1_my_project\dataset\repos\VolcanicArts_VRCOSC,Unity C# 插件化,,,
Vova-SH_AirAttack,E:\1_my_project\dataset\repos\Vova-SH_AirAttack,Unity(C#),,,
VPRL_Virginia-Philosophy-Reality-Lab,E:\1_my_project\dataset\repos\VPRL_Virginia-Philosophy-Reality-Lab,Unknown,,,
vradarserver_vrs,E:\1_my_project\dataset\repos\vradarserver_vrs,Unity C# 插件化,,,
vrc-get_vrc-get,E:\1_my_project\dataset\repos\vrc-get_vrc-get,Unknown,,,
VRCBilliards_vrcbce,E:\1_my_project\dataset\repos\VRCBilliards_vrcbce,Unity C# 插件化,,,
VRCFury_VRCFury,E:\1_my_project\dataset\repos\VRCFury_VRCFury,Unity C# 插件化,,,
VRcolVento_ChatVRoom,E:\1_my_project\dataset\repos\VRcolVento_ChatVRoom,Unity(C#),,,
