project,StartCoroutine,MonoBehaviour.Invoke,InvokeRepeating,SendMessage,SendMessageUpwards,BroadcastMessage,UnityEvent.Invoke,UnityEvent.AddListener,System.Type.GetMethod,System.Reflection.MethodInfo.Invoke,async_methods,await_expressions,Task_usage,Awaitable_usage,total_target_apis
0x0B-unity-vr_room,0,0,0,0,0,0,2,0,0,0,0,0,0,0,2
5A-Prototype-VR,49,0,1,0,0,0,11,13,4,1,5,4,4,0,79
6-Unity-VR-FactoryFrenzy,22,0,0,0,0,0,18,18,1,0,0,0,0,0,59
ARKADIUS,6,0,0,0,0,0,0,4,12,0,0,0,0,0,22
Alexandria,11,0,0,0,0,0,15,11,0,0,5,0,3,0,37
Arcadium,0,0,0,0,0,0,1,0,1,0,0,0,0,0,2
Batting-Simulator,1,0,1,0,0,0,9,6,0,0,0,0,0,0,17
BowlingVR,6,0,0,0,0,0,3,9,0,0,0,0,0,0,18
CMP3754M-virtual-reality-assessment,0,0,0,0,0,0,0,0,0,0,0,0,0,0,0
CSAssessmentFramework,26,0,0,0,0,0,8,20,1,0,0,0,3,0,55
Castle-Quest-The-Search-For-The-Treasure,19,0,0,0,0,0,47,82,0,0,0,0,0,0,148
Edutainment-Escape-Room,3,2,0,0,0,0,32,14,1,0,0,0,0,0,52
EsACT-IPB-Tour-VR-Project,1,0,0,0,0,0,0,0,0,0,0,0,0,0,1
EscapeGameVR,55,0,0,0,0,0,8,9,1,0,0,0,0,0,73
EscapeQuest,15,1,3,0,0,0,35,22,0,0,0,0,0,0,76
ExPresS-XR,36,1,0,0,0,0,185,144,2,0,0,0,0,0,368
Faraday-experiment-VR,0,0,0,0,0,0,0,0,0,0,0,0,0,0,0
Fruit-Ninja-VR-Unity,20,1,0,0,0,0,7,14,1,0,0,0,0,0,43
GAS_VR,16,0,0,0,0,0,30,17,0,0,0,0,0,0,63
GOON,27,1,3,0,0,0,71,47,0,0,0,0,0,0,149
Grapple-Gunner,3,0,0,0,0,0,2,0,2,0,0,0,0,0,7
Graveyard-Roller-Coaster,1,0,0,0,0,0,0,2,0,0,0,0,0,0,3
HoanKiemAirVR-Unity,210,12,2,32,0,0,1108,408,30,0,46,50,28,0,1802
HorrorGame,14,3,2,0,0,0,3,3,0,0,0,0,0,0,25
HyperFightVR,4,0,0,0,0,0,0,0,0,0,0,0,0,0,4
Island-Visualizer-PCVR,21,5,3,5,0,0,86,5,8,0,9,4,5,0,133
Kindled-Spirits-VR,26,0,0,0,0,0,10,6,1,0,0,0,0,0,43
La-volonte-de-fer,7,0,0,0,0,0,76,34,2,0,11,12,15,0,119
LatheMachine-VR,9,0,0,0,0,2,20,20,2,0,18,12,14,0,53
Let-s-Talk-About-Safety-VR,26,0,0,0,0,0,49,82,0,0,0,0,0,0,157
LightDiskVR,10,0,0,0,0,0,0,18,0,0,12,30,7,0,28
MRIExperience,3,2,0,0,0,0,1,0,1,0,0,0,0,0,7
MechaRacer,0,0,0,0,0,0,0,0,0,0,0,0,0,0,0
Modern-Cupid-VR,28,0,0,10,0,0,148,51,4,0,34,35,49,0,241
Orb-Odyssey,26,1,0,0,0,0,18,8,8,3,18,12,15,0,64
PaperVision,8,0,0,0,0,0,42,84,0,0,0,0,0,0,134
Parkinson-App-Virtual-Reality,22,1,0,0,0,0,52,92,0,0,0,0,0,0,167
PirateRushVR,24,0,0,0,0,0,13,37,1,0,18,12,14,0,75
Rac-VR,32,0,1,1,1,1,20,36,7,6,8,2,2,0,105
RocketMan-a-VR-videogame-created-with-Unity,74,1,2,0,0,0,155,33,9,1,7,4,6,0,275
SimpleVR,21,0,0,4,0,2,107,5,1,1,9,0,0,0,141
Solar-System-VR,1,0,0,0,0,0,3,6,0,0,0,0,0,0,10
SolarSystemExplorer,1,0,0,0,0,0,2,2,0,0,0,0,0,0,5
Space-Odyssey,15,0,0,0,0,0,42,83,0,0,0,0,0,0,140
SpatialAudioFields,2,0,0,0,0,0,5,2,1,0,5,0,1,0,10
Szakdoga,0,0,0,0,0,0,0,0,0,0,0,0,0,0,0
The-Art-Inspector,2,0,0,0,0,0,0,0,0,0,0,0,0,0,2
TowerDefenseVR,8,0,0,0,0,0,6,10,0,0,0,0,0,0,24
Try-Catch-Throw,0,8,0,0,0,0,1,0,0,0,0,0,0,0,9
TryNotDie,39,0,0,0,0,0,47,94,0,0,0,0,0,0,180
Unity-Learn-VR-Development-Pathway,30,0,0,0,0,0,41,19,0,0,0,0,0,0,90
Unity-VRTemplate1-KUIL,15,0,0,0,0,0,9,10,1,0,0,0,0,0,35
Unity-XR-Interaction-Toolkit-VR-Mechanisms,0,0,0,0,0,0,4,4,1,0,0,0,0,0,9
Unity_XR-Quest,0,0,0,0,0,0,0,0,0,0,0,0,0,0,0
VGuns-Unity-VR,27,2,0,0,0,0,14,11,0,0,0,0,0,0,54
VR,16,0,0,0,0,0,30,17,0,0,0,0,0,0,63
VR-Adventure,0,0,0,0,0,0,2,0,0,0,0,0,0,0,2
VR-Basics,15,0,0,0,0,0,30,11,0,0,0,0,0,0,56
VR-Cooking-Demo,7,0,0,0,0,0,9,0,3,0,1,0,0,0,19
VR-Environment-GenAI-Unity,1,3,0,0,0,0,7,8,0,0,13,20,24,0,19
VR-Hero-Shooter-Controller,5,0,0,0,0,0,4,0,1,0,0,0,0,0,10
VR-Learning-Tutorial-Unity,1,0,0,0,0,0,1,4,1,0,0,0,0,0,7
VR-Room,15,0,0,0,0,0,30,11,0,0,0,0,0,0,56
VR-Room---Eduardo-A,15,0,1,0,0,0,30,11,0,0,0,0,0,0,57
VR-Tactical-Hero-Shooter,20,1,0,0,0,0,10,6,0,0,0,0,0,0,37
VR-Teleport-Rotation,1,0,0,0,0,0,9,0,7,1,0,0,0,0,18
VR-Workshop,0,0,0,0,0,0,0,0,0,0,0,0,0,0,0
VR-cognitive-therapy,1,0,0,0,0,0,1,1,1,0,0,0,0,0,4
VRCAD,15,0,0,0,0,0,12,14,0,0,0,0,0,0,41
VRChess,0,0,0,0,0,0,1,0,1,0,0,0,0,0,2
VREscapeDungeon,23,0,0,0,0,0,8,10,0,0,0,0,0,0,41
VRHackaton_UnityGame,70,1,1,0,0,0,315,91,7,1,8,4,6,0,486
VRMod,48,0,0,0,0,0,31,11,1,0,0,0,0,0,91
VR_PersonalProject,20,0,0,0,0,0,30,15,0,0,0,0,3,0,65
VRcade,19,0,0,0,0,0,10,14,0,0,0,0,0,0,43
VRobot,35,0,2,4,0,1,24,39,7,1,15,0,1,0,113
Vr-Polyhistory,15,1,0,1,0,2,8,6,2,0,0,0,0,0,35
XRToolkitMVP,5,1,0,0,0,0,11,12,0,0,0,0,0,0,29
ar-resilience-planner-v2,2,0,0,0,0,0,12,1,0,0,0,0,0,0,15
bpr2,17,1,0,0,0,0,24,10,1,0,28,54,36,0,53
bworkacikart,2,0,1,0,0,0,0,6,0,0,0,0,0,0,9
classroom-vr,2,0,0,0,0,0,15,14,1,0,4,0,71,0,32
dotpool-unity,1,0,0,0,0,0,0,6,0,0,0,0,0,0,7
freiheit-diy,70,1,1,0,0,0,299,91,10,1,7,4,6,0,473
neanderthal-tools,22,0,0,0,0,0,30,11,1,0,3,2,2,0,64
plane-waver,8,0,0,0,0,0,12,8,3,0,0,0,0,0,31
project-god-hammer,16,1,0,0,0,0,5,26,0,0,0,0,0,0,48
simon-says-vr,3,0,0,0,0,0,3,4,0,0,0,0,0,0,10
the-hole,1,0,0,0,0,0,0,6,0,0,0,0,0,0,7
unity-basic-xr-template,0,0,0,0,0,0,0,0,0,0,0,0,0,0,0
visio,5,0,0,0,0,0,3,6,0,0,0,0,0,0,14
vr-brush,2,0,0,0,0,0,0,4,0,0,0,0,3,0,6
vr-handwriting,12,0,0,0,0,0,1,6,1,0,0,0,0,0,20
vr_selection,9,4,0,0,0,0,7,3,1,0,1,0,0,0,24
wheelchair-sim,5,2,0,0,0,0,0,0,0,0,0,0,0,0,7
wind-turbine-vr,11,0,0,0,0,0,24,43,0,0,0,0,24,0,78
ymiyp-vr,2,0,0,0,0,0,6,2,0,0,0,0,0,0,10
