case_id,legacy_case_id,category,polarity,tool,detected,classification,relative_paths
1.1N,5.1N,Category1-CoreDataflow,N,CodeQL,False,TN,Category1-CoreDataflow/1.1N_CoreDataflow_Property_GetSource_11_N.cs
1.1N,5.1N,Category1-CoreDataflow,N,Semgrep,False,TN,Category1-CoreDataflow/1.1N_CoreDataflow_Property_GetSource_11_N.cs
1.1N,5.1N,Category1-CoreDataflow,N,VRTaint,False,TN,Category1-CoreDataflow/1.1N_CoreDataflow_Property_GetSource_11_N.cs
1.1P,5.1P,Category1-CoreDataflow,P,CodeQL,False,FN,Category1-CoreDataflow/1.1P_CoreDataflow_Property_GetSource_11_P.cs
1.1P,5.1P,Category1-CoreDataflow,P,Semgrep,False,FN,Category1-CoreDataflow/1.1P_CoreDataflow_Property_GetSource_11_P.cs
1.1P,5.1P,Category1-CoreDataflow,P,VRTaint,True,TP,Category1-CoreDataflow/1.1P_CoreDataflow_Property_GetSource_11_P.cs
1.2N,5.2N,Category1-CoreDataflow,N,CodeQL,False,TN,Category1-CoreDataflow/1.2N_CoreDataflow_Property_SetSink_12_N.cs
1.2N,5.2N,Category1-CoreDataflow,N,Semgrep,False,TN,Category1-CoreDataflow/1.2N_CoreDataflow_Property_SetSink_12_N.cs
1.2N,5.2N,Category1-CoreDataflow,N,VRTaint,False,TN,Category1-CoreDataflow/1.2N_CoreDataflow_Property_SetSink_12_N.cs
1.2P,5.2P,Category1-CoreDataflow,P,CodeQL,False,FN,Category1-CoreDataflow/1.2P_CoreDataflow_Property_SetSink_12_P.cs
1.2P,5.2P,Category1-CoreDataflow,P,Semgrep,False,FN,Category1-CoreDataflow/1.2P_CoreDataflow_Property_SetSink_12_P.cs
1.2P,5.2P,Category1-CoreDataflow,P,VRTaint,True,TP,Category1-CoreDataflow/1.2P_CoreDataflow_Property_SetSink_12_P.cs
1.3N,5.2bN,Category1-CoreDataflow,N,CodeQL,False,TN,Category1-CoreDataflow/1.3N_CoreDataflow_Property_SetSink_Rigidbody_13_N.cs
1.3N,5.2bN,Category1-CoreDataflow,N,Semgrep,False,TN,Category1-CoreDataflow/1.3N_CoreDataflow_Property_SetSink_Rigidbody_13_N.cs
1.3N,5.2bN,Category1-CoreDataflow,N,VRTaint,False,TN,Category1-CoreDataflow/1.3N_CoreDataflow_Property_SetSink_Rigidbody_13_N.cs
1.3P,5.2bP,Category1-CoreDataflow,P,CodeQL,False,FN,Category1-CoreDataflow/1.3P_CoreDataflow_Property_SetSink_Rigidbody_13_P.cs
1.3P,5.2bP,Category1-CoreDataflow,P,Semgrep,False,FN,Category1-CoreDataflow/1.3P_CoreDataflow_Property_SetSink_Rigidbody_13_P.cs
1.3P,5.2bP,Category1-CoreDataflow,P,VRTaint,True,TP,Category1-CoreDataflow/1.3P_CoreDataflow_Property_SetSink_Rigidbody_13_P.cs
1.4N,5.3N,Category1-CoreDataflow,N,CodeQL,False,TN,Category1-CoreDataflow/1.4N_CoreDataflow_Property_NetworkDownload_14_N.cs
1.4N,5.3N,Category1-CoreDataflow,N,Semgrep,False,TN,Category1-CoreDataflow/1.4N_CoreDataflow_Property_NetworkDownload_14_N.cs
1.4N,5.3N,Category1-CoreDataflow,N,VRTaint,False,TN,Category1-CoreDataflow/1.4N_CoreDataflow_Property_NetworkDownload_14_N.cs
1.4P,5.3P,Category1-CoreDataflow,P,CodeQL,True,TP,Category1-CoreDataflow/1.4P_CoreDataflow_Property_NetworkDownload_14_P.cs
1.4P,5.3P,Category1-CoreDataflow,P,Semgrep,False,FN,Category1-CoreDataflow/1.4P_CoreDataflow_Property_NetworkDownload_14_P.cs
1.4P,5.3P,Category1-CoreDataflow,P,VRTaint,True,TP,Category1-CoreDataflow/1.4P_CoreDataflow_Property_NetworkDownload_14_P.cs
1.5N,6.1N,Category1-CoreDataflow,N,CodeQL,False,TN,Category1-CoreDataflow/1.5N_CoreDataflow_MultiSource_TwoSources_15_N.cs
1.5N,6.1N,Category1-CoreDataflow,N,Semgrep,False,TN,Category1-CoreDataflow/1.5N_CoreDataflow_MultiSource_TwoSources_15_N.cs
1.5N,6.1N,Category1-CoreDataflow,N,VRTaint,False,TN,Category1-CoreDataflow/1.5N_CoreDataflow_MultiSource_TwoSources_15_N.cs
1.5P,6.1P,Category1-CoreDataflow,P,CodeQL,False,FN,Category1-CoreDataflow/1.5P_CoreDataflow_MultiSource_TwoSources_15_P.cs
1.5P,6.1P,Category1-CoreDataflow,P,Semgrep,False,FN,Category1-CoreDataflow/1.5P_CoreDataflow_MultiSource_TwoSources_15_P.cs
1.5P,6.1P,Category1-CoreDataflow,P,VRTaint,True,TP,Category1-CoreDataflow/1.5P_CoreDataflow_MultiSource_TwoSources_15_P.cs
1.6N,6.2N,Category1-CoreDataflow,N,CodeQL,False,TN,Category1-CoreDataflow/1.6N_CoreDataflow_MultiSink_OneField_16_N.cs
1.6N,6.2N,Category1-CoreDataflow,N,Semgrep,False,TN,Category1-CoreDataflow/1.6N_CoreDataflow_MultiSink_OneField_16_N.cs
1.6N,6.2N,Category1-CoreDataflow,N,VRTaint,False,TN,Category1-CoreDataflow/1.6N_CoreDataflow_MultiSink_OneField_16_N.cs
1.6P,6.2P,Category1-CoreDataflow,P,CodeQL,False,FN,Category1-CoreDataflow/1.6P_CoreDataflow_MultiSink_OneField_16_P.cs
1.6P,6.2P,Category1-CoreDataflow,P,Semgrep,False,FN,Category1-CoreDataflow/1.6P_CoreDataflow_MultiSink_OneField_16_P.cs
1.6P,6.2P,Category1-CoreDataflow,P,VRTaint,True,TP,Category1-CoreDataflow/1.6P_CoreDataflow_MultiSink_OneField_16_P.cs
1.7N,6.3N,Category1-CoreDataflow,N,CodeQL,False,TN,Category1-CoreDataflow/1.7N_CoreDataflow_Barrier_Chain_17_N.cs
1.7N,6.3N,Category1-CoreDataflow,N,Semgrep,False,TN,Category1-CoreDataflow/1.7N_CoreDataflow_Barrier_Chain_17_N.cs
1.7N,6.3N,Category1-CoreDataflow,N,VRTaint,False,TN,Category1-CoreDataflow/1.7N_CoreDataflow_Barrier_Chain_17_N.cs
1.7P,6.3P,Category1-CoreDataflow,P,CodeQL,False,FN,Category1-CoreDataflow/1.7P_CoreDataflow_Barrier_Chain_17_P.cs
1.7P,6.3P,Category1-CoreDataflow,P,Semgrep,False,FN,Category1-CoreDataflow/1.7P_CoreDataflow_Barrier_Chain_17_P.cs
1.7P,6.3P,Category1-CoreDataflow,P,VRTaint,True,TP,Category1-CoreDataflow/1.7P_CoreDataflow_Barrier_Chain_17_P.cs
1.8P,8.1P,Category1-CoreDataflow,P,CodeQL,True,TP,Category1-CoreDataflow/1.8P_CoreDataflow_DirectPass_18_P.cs
1.8P,8.1P,Category1-CoreDataflow,P,Semgrep,True,TP,Category1-CoreDataflow/1.8P_CoreDataflow_DirectPass_18_P.cs
1.8P,8.1P,Category1-CoreDataflow,P,VRTaint,True,TP,Category1-CoreDataflow/1.8P_CoreDataflow_DirectPass_18_P.cs
1.9P,8.2P,Category1-CoreDataflow,P,CodeQL,True,TP,Category1-CoreDataflow/1.9P_CoreDataflow_LocalVar_19_P.cs
1.9P,8.2P,Category1-CoreDataflow,P,Semgrep,True,TP,Category1-CoreDataflow/1.9P_CoreDataflow_LocalVar_19_P.cs
1.9P,8.2P,Category1-CoreDataflow,P,VRTaint,True,TP,Category1-CoreDataflow/1.9P_CoreDataflow_LocalVar_19_P.cs
1.10P,10.1P,Category1-CoreDataflow,P,CodeQL,False,FN,Category1-CoreDataflow/1.10P_CoreDataflow_PolymorphicRefIsolation_110_P.cs
1.10P,10.1P,Category1-CoreDataflow,P,Semgrep,False,FN,Category1-CoreDataflow/1.10P_CoreDataflow_PolymorphicRefIsolation_110_P.cs
1.10P,10.1P,Category1-CoreDataflow,P,VRTaint,True,TP,Category1-CoreDataflow/1.10P_CoreDataflow_PolymorphicRefIsolation_110_P.cs
1.11N,10.6N,Category1-CoreDataflow,N,CodeQL,False,TN,Category1-CoreDataflow/1.11N_CoreDataflow_ExceptionalFlowDefiniteClean_111_N.cs
1.11N,10.6N,Category1-CoreDataflow,N,Semgrep,False,TN,Category1-CoreDataflow/1.11N_CoreDataflow_ExceptionalFlowDefiniteClean_111_N.cs
1.11N,10.6N,Category1-CoreDataflow,N,VRTaint,False,TN,Category1-CoreDataflow/1.11N_CoreDataflow_ExceptionalFlowDefiniteClean_111_N.cs
1.12N,10.9N,Category1-CoreDataflow,N,CodeQL,False,TN,Category1-CoreDataflow/1.12N_CoreDataflow_ContextSensitiveCleanCallSite_112_N.cs
1.12N,10.9N,Category1-CoreDataflow,N,Semgrep,False,TN,Category1-CoreDataflow/1.12N_CoreDataflow_ContextSensitiveCleanCallSite_112_N.cs
1.12N,10.9N,Category1-CoreDataflow,N,VRTaint,False,TN,Category1-CoreDataflow/1.12N_CoreDataflow_ContextSensitiveCleanCallSite_112_N.cs
2.1N,2.1N,Category2-ObjectIdentityHeap,N,CodeQL,False,TN,Category2-ObjectIdentityHeap/2.1N_ObjectIdentityHeap_Reader_CrossClass_StaticField_21_N.cs;Category2-ObjectIdentityHeap/2.1N_ObjectIdentityHeap_Writer_CrossClass_StaticField_21_N.cs
2.1N,2.1N,Category2-ObjectIdentityHeap,N,Semgrep,False,TN,Category2-ObjectIdentityHeap/2.1N_ObjectIdentityHeap_Reader_CrossClass_StaticField_21_N.cs;Category2-ObjectIdentityHeap/2.1N_ObjectIdentityHeap_Writer_CrossClass_StaticField_21_N.cs
2.1N,2.1N,Category2-ObjectIdentityHeap,N,VRTaint,False,TN,Category2-ObjectIdentityHeap/2.1N_ObjectIdentityHeap_Reader_CrossClass_StaticField_21_N.cs;Category2-ObjectIdentityHeap/2.1N_ObjectIdentityHeap_Writer_CrossClass_StaticField_21_N.cs
2.1P,2.1P,Category2-ObjectIdentityHeap,P,CodeQL,True,TP,Category2-ObjectIdentityHeap/2.1P_ObjectIdentityHeap_Reader_CrossClass_StaticField_21_P.cs;Category2-ObjectIdentityHeap/2.1P_ObjectIdentityHeap_Writer_CrossClass_StaticField_21_P.cs
2.1P,2.1P,Category2-ObjectIdentityHeap,P,Semgrep,False,FN,Category2-ObjectIdentityHeap/2.1P_ObjectIdentityHeap_Reader_CrossClass_StaticField_21_P.cs;Category2-ObjectIdentityHeap/2.1P_ObjectIdentityHeap_Writer_CrossClass_StaticField_21_P.cs
2.1P,2.1P,Category2-ObjectIdentityHeap,P,VRTaint,True,TP,Category2-ObjectIdentityHeap/2.1P_ObjectIdentityHeap_Reader_CrossClass_StaticField_21_P.cs;Category2-ObjectIdentityHeap/2.1P_ObjectIdentityHeap_Writer_CrossClass_StaticField_21_P.cs
2.2N,2.2N,Category2-ObjectIdentityHeap,N,CodeQL,True,FP,Category2-ObjectIdentityHeap/2.2N_ObjectIdentityHeap_Reader_CrossClass_InstanceField_22_N.cs;Category2-ObjectIdentityHeap/2.2N_ObjectIdentityHeap_Writer_CrossClass_InstanceField_22_N.cs
2.2N,2.2N,Category2-ObjectIdentityHeap,N,Semgrep,False,TN,Category2-ObjectIdentityHeap/2.2N_ObjectIdentityHeap_Reader_CrossClass_InstanceField_22_N.cs;Category2-ObjectIdentityHeap/2.2N_ObjectIdentityHeap_Writer_CrossClass_InstanceField_22_N.cs
2.2N,2.2N,Category2-ObjectIdentityHeap,N,VRTaint,True,FP,Category2-ObjectIdentityHeap/2.2N_ObjectIdentityHeap_Reader_CrossClass_InstanceField_22_N.cs;Category2-ObjectIdentityHeap/2.2N_ObjectIdentityHeap_Writer_CrossClass_InstanceField_22_N.cs
2.2P,2.2P,Category2-ObjectIdentityHeap,P,CodeQL,True,TP,Category2-ObjectIdentityHeap/2.2P_ObjectIdentityHeap_Reader_CrossClass_InstanceField_22_P.cs;Category2-ObjectIdentityHeap/2.2P_ObjectIdentityHeap_Writer_CrossClass_InstanceField_22_P.cs
2.2P,2.2P,Category2-ObjectIdentityHeap,P,Semgrep,False,FN,Category2-ObjectIdentityHeap/2.2P_ObjectIdentityHeap_Reader_CrossClass_InstanceField_22_P.cs;Category2-ObjectIdentityHeap/2.2P_ObjectIdentityHeap_Writer_CrossClass_InstanceField_22_P.cs
2.2P,2.2P,Category2-ObjectIdentityHeap,P,VRTaint,True,TP,Category2-ObjectIdentityHeap/2.2P_ObjectIdentityHeap_Reader_CrossClass_InstanceField_22_P.cs;Category2-ObjectIdentityHeap/2.2P_ObjectIdentityHeap_Writer_CrossClass_InstanceField_22_P.cs
2.3N,7.1N,Category2-ObjectIdentityHeap,N,CodeQL,False,TN,Category2-ObjectIdentityHeap/2.3N_ObjectIdentityHeap_Clone_Instantiate_23_N.cs
2.3N,7.1N,Category2-ObjectIdentityHeap,N,Semgrep,False,TN,Category2-ObjectIdentityHeap/2.3N_ObjectIdentityHeap_Clone_Instantiate_23_N.cs
2.3N,7.1N,Category2-ObjectIdentityHeap,N,VRTaint,False,TN,Category2-ObjectIdentityHeap/2.3N_ObjectIdentityHeap_Clone_Instantiate_23_N.cs
2.3P,7.1P,Category2-ObjectIdentityHeap,P,CodeQL,False,FN,Category2-ObjectIdentityHeap/2.3P_ObjectIdentityHeap_Clone_Instantiate_23_P.cs
2.3P,7.1P,Category2-ObjectIdentityHeap,P,Semgrep,False,FN,Category2-ObjectIdentityHeap/2.3P_ObjectIdentityHeap_Clone_Instantiate_23_P.cs
2.3P,7.1P,Category2-ObjectIdentityHeap,P,VRTaint,False,FN,Category2-ObjectIdentityHeap/2.3P_ObjectIdentityHeap_Clone_Instantiate_23_P.cs
2.4N,7.2N,Category2-ObjectIdentityHeap,N,CodeQL,False,TN,Category2-ObjectIdentityHeap/2.4N_ObjectIdentityHeap_GetComponent_24_N.cs
2.4N,7.2N,Category2-ObjectIdentityHeap,N,Semgrep,False,TN,Category2-ObjectIdentityHeap/2.4N_ObjectIdentityHeap_GetComponent_24_N.cs
2.4N,7.2N,Category2-ObjectIdentityHeap,N,VRTaint,False,TN,Category2-ObjectIdentityHeap/2.4N_ObjectIdentityHeap_GetComponent_24_N.cs
2.4P,7.2P,Category2-ObjectIdentityHeap,P,CodeQL,False,FN,Category2-ObjectIdentityHeap/2.4P_ObjectIdentityHeap_GetComponent_24_P.cs
2.4P,7.2P,Category2-ObjectIdentityHeap,P,Semgrep,False,FN,Category2-ObjectIdentityHeap/2.4P_ObjectIdentityHeap_GetComponent_24_P.cs
2.4P,7.2P,Category2-ObjectIdentityHeap,P,VRTaint,True,TP,Category2-ObjectIdentityHeap/2.4P_ObjectIdentityHeap_GetComponent_24_P.cs
2.5N,7.3N,Category2-ObjectIdentityHeap,N,CodeQL,False,TN,Category2-ObjectIdentityHeap/2.5N_ObjectIdentityHeap_FindObjectOfType_25_N.cs
2.5N,7.3N,Category2-ObjectIdentityHeap,N,Semgrep,False,TN,Category2-ObjectIdentityHeap/2.5N_ObjectIdentityHeap_FindObjectOfType_25_N.cs
2.5N,7.3N,Category2-ObjectIdentityHeap,N,VRTaint,False,TN,Category2-ObjectIdentityHeap/2.5N_ObjectIdentityHeap_FindObjectOfType_25_N.cs
2.5P,7.3P,Category2-ObjectIdentityHeap,P,CodeQL,False,FN,Category2-ObjectIdentityHeap/2.5P_ObjectIdentityHeap_FindObjectOfType_25_P.cs
2.5P,7.3P,Category2-ObjectIdentityHeap,P,Semgrep,False,FN,Category2-ObjectIdentityHeap/2.5P_ObjectIdentityHeap_FindObjectOfType_25_P.cs
2.5P,7.3P,Category2-ObjectIdentityHeap,P,VRTaint,True,TP,Category2-ObjectIdentityHeap/2.5P_ObjectIdentityHeap_FindObjectOfType_25_P.cs
2.6P,7.4P,Category2-ObjectIdentityHeap,P,CodeQL,False,FN,Category2-ObjectIdentityHeap/2.6P_ObjectIdentityHeap_CrossClass_26_P.cs
2.6P,7.4P,Category2-ObjectIdentityHeap,P,Semgrep,False,FN,Category2-ObjectIdentityHeap/2.6P_ObjectIdentityHeap_CrossClass_26_P.cs
2.6P,7.4P,Category2-ObjectIdentityHeap,P,VRTaint,True,TP,Category2-ObjectIdentityHeap/2.6P_ObjectIdentityHeap_CrossClass_26_P.cs
2.7N,9.1N,Category2-ObjectIdentityHeap,N,CodeQL,False,TN,Category2-ObjectIdentityHeap/2.7N_ObjectIdentityHeap_Caller_NonUnity_MonoCaller_27_N.cs;Category2-ObjectIdentityHeap/2.7N_ObjectIdentityHeap_Storage_NonUnity_DataStorage_27_N.cs
2.7N,9.1N,Category2-ObjectIdentityHeap,N,Semgrep,False,TN,Category2-ObjectIdentityHeap/2.7N_ObjectIdentityHeap_Caller_NonUnity_MonoCaller_27_N.cs;Category2-ObjectIdentityHeap/2.7N_ObjectIdentityHeap_Storage_NonUnity_DataStorage_27_N.cs
2.7N,9.1N,Category2-ObjectIdentityHeap,N,VRTaint,False,TN,Category2-ObjectIdentityHeap/2.7N_ObjectIdentityHeap_Caller_NonUnity_MonoCaller_27_N.cs;Category2-ObjectIdentityHeap/2.7N_ObjectIdentityHeap_Storage_NonUnity_DataStorage_27_N.cs
2.7P,9.1P,Category2-ObjectIdentityHeap,P,CodeQL,False,FN,Category2-ObjectIdentityHeap/2.7P_ObjectIdentityHeap_Caller_NonUnity_MonoCaller_27_P.cs;Category2-ObjectIdentityHeap/2.7P_ObjectIdentityHeap_Storage_NonUnity_DataStorage_27_P.cs
2.7P,9.1P,Category2-ObjectIdentityHeap,P,Semgrep,False,FN,Category2-ObjectIdentityHeap/2.7P_ObjectIdentityHeap_Caller_NonUnity_MonoCaller_27_P.cs;Category2-ObjectIdentityHeap/2.7P_ObjectIdentityHeap_Storage_NonUnity_DataStorage_27_P.cs
2.7P,9.1P,Category2-ObjectIdentityHeap,P,VRTaint,True,TP,Category2-ObjectIdentityHeap/2.7P_ObjectIdentityHeap_Caller_NonUnity_MonoCaller_27_P.cs;Category2-ObjectIdentityHeap/2.7P_ObjectIdentityHeap_Storage_NonUnity_DataStorage_27_P.cs
2.8P,10.5P,Category2-ObjectIdentityHeap,P,CodeQL,False,FN,Category2-ObjectIdentityHeap/2.8P_ObjectIdentityHeap_FieldIsolation_28_P.cs
2.8P,10.5P,Category2-ObjectIdentityHeap,P,Semgrep,False,FN,Category2-ObjectIdentityHeap/2.8P_ObjectIdentityHeap_FieldIsolation_28_P.cs
2.8P,10.5P,Category2-ObjectIdentityHeap,P,VRTaint,True,TP,Category2-ObjectIdentityHeap/2.8P_ObjectIdentityHeap_FieldIsolation_28_P.cs
2.9P,10.7P,Category2-ObjectIdentityHeap,P,CodeQL,False,FN,Category2-ObjectIdentityHeap/2.9P_ObjectIdentityHeap_DictionaryKeyIsolation_29_P.cs
2.9P,10.7P,Category2-ObjectIdentityHeap,P,Semgrep,False,FN,Category2-ObjectIdentityHeap/2.9P_ObjectIdentityHeap_DictionaryKeyIsolation_29_P.cs
2.9P,10.7P,Category2-ObjectIdentityHeap,P,VRTaint,True,TP,Category2-ObjectIdentityHeap/2.9P_ObjectIdentityHeap_DictionaryKeyIsolation_29_P.cs
2.10P,10.10P,Category2-ObjectIdentityHeap,P,CodeQL,False,FN,Category2-ObjectIdentityHeap/2.10P_ObjectIdentityHeap_GenericWrapperField_210_P.cs
2.10P,10.10P,Category2-ObjectIdentityHeap,P,Semgrep,False,FN,Category2-ObjectIdentityHeap/2.10P_ObjectIdentityHeap_GenericWrapperField_210_P.cs
2.10P,10.10P,Category2-ObjectIdentityHeap,P,VRTaint,True,TP,Category2-ObjectIdentityHeap/2.10P_ObjectIdentityHeap_GenericWrapperField_210_P.cs
2.11N,11.1N,Category2-ObjectIdentityHeap,N,CodeQL,False,TN,Category2-ObjectIdentityHeap/2.11N_ObjectIdentityHeap_WrongReceiver_211_N.cs
2.11N,11.1N,Category2-ObjectIdentityHeap,N,Semgrep,False,TN,Category2-ObjectIdentityHeap/2.11N_ObjectIdentityHeap_WrongReceiver_211_N.cs
2.11N,11.1N,Category2-ObjectIdentityHeap,N,VRTaint,False,TN,Category2-ObjectIdentityHeap/2.11N_ObjectIdentityHeap_WrongReceiver_211_N.cs
2.11P,11.1P,Category2-ObjectIdentityHeap,P,CodeQL,False,FN,Category2-ObjectIdentityHeap/2.11P_ObjectIdentityHeap_ReceiverSame_211_P.cs
2.11P,11.1P,Category2-ObjectIdentityHeap,P,Semgrep,False,FN,Category2-ObjectIdentityHeap/2.11P_ObjectIdentityHeap_ReceiverSame_211_P.cs
2.11P,11.1P,Category2-ObjectIdentityHeap,P,VRTaint,True,TP,Category2-ObjectIdentityHeap/2.11P_ObjectIdentityHeap_ReceiverSame_211_P.cs
2.12N,11.5N,Category2-ObjectIdentityHeap,N,CodeQL,False,TN,Category2-ObjectIdentityHeap/2.12N_ObjectIdentityHeap_NestedWrongReceiver_212_N.cs
2.12N,11.5N,Category2-ObjectIdentityHeap,N,Semgrep,False,TN,Category2-ObjectIdentityHeap/2.12N_ObjectIdentityHeap_NestedWrongReceiver_212_N.cs
2.12N,11.5N,Category2-ObjectIdentityHeap,N,VRTaint,False,TN,Category2-ObjectIdentityHeap/2.12N_ObjectIdentityHeap_NestedWrongReceiver_212_N.cs
2.12P,11.5P,Category2-ObjectIdentityHeap,P,CodeQL,False,FN,Category2-ObjectIdentityHeap/2.12P_ObjectIdentityHeap_NestedHelper_212_P.cs
2.12P,11.5P,Category2-ObjectIdentityHeap,P,Semgrep,False,FN,Category2-ObjectIdentityHeap/2.12P_ObjectIdentityHeap_NestedHelper_212_P.cs
2.12P,11.5P,Category2-ObjectIdentityHeap,P,VRTaint,True,TP,Category2-ObjectIdentityHeap/2.12P_ObjectIdentityHeap_NestedHelper_212_P.cs
2.13N,12.1N,Category2-ObjectIdentityHeap,N,CodeQL,False,TN,Category2-ObjectIdentityHeap/2.13N_ObjectIdentityHeap_OwnedHelper_Reset_213_N.cs
2.13N,12.1N,Category2-ObjectIdentityHeap,N,Semgrep,False,TN,Category2-ObjectIdentityHeap/2.13N_ObjectIdentityHeap_OwnedHelper_Reset_213_N.cs
2.13N,12.1N,Category2-ObjectIdentityHeap,N,VRTaint,True,FP,Category2-ObjectIdentityHeap/2.13N_ObjectIdentityHeap_OwnedHelper_Reset_213_N.cs
2.14N,12.2N,Category2-ObjectIdentityHeap,N,CodeQL,False,TN,Category2-ObjectIdentityHeap/2.14N_ObjectIdentityHeap_OwnedHelper_SanitizedStore_214_N.cs
2.14N,12.2N,Category2-ObjectIdentityHeap,N,Semgrep,False,TN,Category2-ObjectIdentityHeap/2.14N_ObjectIdentityHeap_OwnedHelper_SanitizedStore_214_N.cs
2.14N,12.2N,Category2-ObjectIdentityHeap,N,VRTaint,False,TN,Category2-ObjectIdentityHeap/2.14N_ObjectIdentityHeap_OwnedHelper_SanitizedStore_214_N.cs
2.15P,12.3P,Category2-ObjectIdentityHeap,P,CodeQL,False,FN,Category2-ObjectIdentityHeap/2.15P_ObjectIdentityHeap_OwnedHelper_NestedState_215_P.cs
2.15P,12.3P,Category2-ObjectIdentityHeap,P,Semgrep,False,FN,Category2-ObjectIdentityHeap/2.15P_ObjectIdentityHeap_OwnedHelper_NestedState_215_P.cs
2.15P,12.3P,Category2-ObjectIdentityHeap,P,VRTaint,True,TP,Category2-ObjectIdentityHeap/2.15P_ObjectIdentityHeap_OwnedHelper_NestedState_215_P.cs
2.16N,12.4N,Category2-ObjectIdentityHeap,N,CodeQL,False,TN,Category2-ObjectIdentityHeap/2.16N_ObjectIdentityHeap_OwnedHelper_DistinctInstances_216_N.cs
2.16N,12.4N,Category2-ObjectIdentityHeap,N,Semgrep,False,TN,Category2-ObjectIdentityHeap/2.16N_ObjectIdentityHeap_OwnedHelper_DistinctInstances_216_N.cs
2.16N,12.4N,Category2-ObjectIdentityHeap,N,VRTaint,False,TN,Category2-ObjectIdentityHeap/2.16N_ObjectIdentityHeap_OwnedHelper_DistinctInstances_216_N.cs
2.17P,12.5P,Category2-ObjectIdentityHeap,P,CodeQL,False,FN,Category2-ObjectIdentityHeap/2.17P_ObjectIdentityHeap_OwnedHelper_Return_217_P.cs
2.17P,12.5P,Category2-ObjectIdentityHeap,P,Semgrep,False,FN,Category2-ObjectIdentityHeap/2.17P_ObjectIdentityHeap_OwnedHelper_Return_217_P.cs
2.17P,12.5P,Category2-ObjectIdentityHeap,P,VRTaint,True,TP,Category2-ObjectIdentityHeap/2.17P_ObjectIdentityHeap_OwnedHelper_Return_217_P.cs
2.18N,12.7N,Category2-ObjectIdentityHeap,N,CodeQL,False,TN,Category2-ObjectIdentityHeap/2.18N_ObjectIdentityHeap_OwnedHelper_NestedDefiniteClean_218_N.cs
2.18N,12.7N,Category2-ObjectIdentityHeap,N,Semgrep,False,TN,Category2-ObjectIdentityHeap/2.18N_ObjectIdentityHeap_OwnedHelper_NestedDefiniteClean_218_N.cs
2.18N,12.7N,Category2-ObjectIdentityHeap,N,VRTaint,True,FP,Category2-ObjectIdentityHeap/2.18N_ObjectIdentityHeap_OwnedHelper_NestedDefiniteClean_218_N.cs
2.18P,12.7P,Category2-ObjectIdentityHeap,P,CodeQL,False,FN,Category2-ObjectIdentityHeap/2.18P_ObjectIdentityHeap_OwnedHelper_ConditionalClean_218_P.cs
2.18P,12.7P,Category2-ObjectIdentityHeap,P,Semgrep,False,FN,Category2-ObjectIdentityHeap/2.18P_ObjectIdentityHeap_OwnedHelper_ConditionalClean_218_P.cs
2.18P,12.7P,Category2-ObjectIdentityHeap,P,VRTaint,True,TP,Category2-ObjectIdentityHeap/2.18P_ObjectIdentityHeap_OwnedHelper_ConditionalClean_218_P.cs
2.19P,15.1P,Category2-ObjectIdentityHeap,P,CodeQL,True,TP,Category2-ObjectIdentityHeap/2.19P_ObjectIdentityHeap_Instance_SameReceiver_219_P.cs
2.19P,15.1P,Category2-ObjectIdentityHeap,P,Semgrep,False,FN,Category2-ObjectIdentityHeap/2.19P_ObjectIdentityHeap_Instance_SameReceiver_219_P.cs
2.19P,15.1P,Category2-ObjectIdentityHeap,P,VRTaint,True,TP,Category2-ObjectIdentityHeap/2.19P_ObjectIdentityHeap_Instance_SameReceiver_219_P.cs
2.20N,15.2N,Category2-ObjectIdentityHeap,N,CodeQL,False,TN,Category2-ObjectIdentityHeap/2.20N_ObjectIdentityHeap_Instance_DistinctReceivers_220_N.cs
2.20N,15.2N,Category2-ObjectIdentityHeap,N,Semgrep,False,TN,Category2-ObjectIdentityHeap/2.20N_ObjectIdentityHeap_Instance_DistinctReceivers_220_N.cs
2.20N,15.2N,Category2-ObjectIdentityHeap,N,VRTaint,True,FP,Category2-ObjectIdentityHeap/2.20N_ObjectIdentityHeap_Instance_DistinctReceivers_220_N.cs
2.21P,15.3P,Category2-ObjectIdentityHeap,P,CodeQL,False,FN,Category2-ObjectIdentityHeap/2.21P_ObjectIdentityHeap_Instance_AliasedReferences_221_P.cs
2.21P,15.3P,Category2-ObjectIdentityHeap,P,Semgrep,False,FN,Category2-ObjectIdentityHeap/2.21P_ObjectIdentityHeap_Instance_AliasedReferences_221_P.cs
2.21P,15.3P,Category2-ObjectIdentityHeap,P,VRTaint,True,TP,Category2-ObjectIdentityHeap/2.21P_ObjectIdentityHeap_Instance_AliasedReferences_221_P.cs
2.22P,15.4P,Category2-ObjectIdentityHeap,P,CodeQL,True,TP,Category2-ObjectIdentityHeap/2.22P_ObjectIdentityHeap_Instance_StaticShared_222_P.cs
2.22P,15.4P,Category2-ObjectIdentityHeap,P,Semgrep,False,FN,Category2-ObjectIdentityHeap/2.22P_ObjectIdentityHeap_Instance_StaticShared_222_P.cs
2.22P,15.4P,Category2-ObjectIdentityHeap,P,VRTaint,True,TP,Category2-ObjectIdentityHeap/2.22P_ObjectIdentityHeap_Instance_StaticShared_222_P.cs
3.1N,1.1N,Category3-UnityLifecycle,N,CodeQL,False,TN,Category3-UnityLifecycle/3.1N_UnityLifecycle_AwakeStart_Overwritten_31_N.cs
3.1N,1.1N,Category3-UnityLifecycle,N,Semgrep,False,TN,Category3-UnityLifecycle/3.1N_UnityLifecycle_AwakeStart_Overwritten_31_N.cs
3.1N,1.1N,Category3-UnityLifecycle,N,VRTaint,False,TN,Category3-UnityLifecycle/3.1N_UnityLifecycle_AwakeStart_Overwritten_31_N.cs
3.1P,1.1P,Category3-UnityLifecycle,P,CodeQL,False,FN,Category3-UnityLifecycle/3.1P_UnityLifecycle_AwakeStart_Basic_31_P.cs
3.1P,1.1P,Category3-UnityLifecycle,P,Semgrep,False,FN,Category3-UnityLifecycle/3.1P_UnityLifecycle_AwakeStart_Basic_31_P.cs
3.1P,1.1P,Category3-UnityLifecycle,P,VRTaint,True,TP,Category3-UnityLifecycle/3.1P_UnityLifecycle_AwakeStart_Basic_31_P.cs
3.2N,1.2N,Category3-UnityLifecycle,N,CodeQL,False,TN,Category3-UnityLifecycle/3.2N_UnityLifecycle_StartUpdate_32_N.cs
3.2N,1.2N,Category3-UnityLifecycle,N,Semgrep,False,TN,Category3-UnityLifecycle/3.2N_UnityLifecycle_StartUpdate_32_N.cs
3.2N,1.2N,Category3-UnityLifecycle,N,VRTaint,False,TN,Category3-UnityLifecycle/3.2N_UnityLifecycle_StartUpdate_32_N.cs
3.2P,1.2P,Category3-UnityLifecycle,P,CodeQL,False,FN,Category3-UnityLifecycle/3.2P_UnityLifecycle_StartUpdate_MultiFrame_32_P.cs
3.2P,1.2P,Category3-UnityLifecycle,P,Semgrep,False,FN,Category3-UnityLifecycle/3.2P_UnityLifecycle_StartUpdate_MultiFrame_32_P.cs
3.2P,1.2P,Category3-UnityLifecycle,P,VRTaint,True,TP,Category3-UnityLifecycle/3.2P_UnityLifecycle_StartUpdate_MultiFrame_32_P.cs
3.3N,1.3N,Category3-UnityLifecycle,N,CodeQL,False,TN,Category3-UnityLifecycle/3.3N_UnityLifecycle_OnEnableOnDisable_Reassign_33_N.cs
3.3N,1.3N,Category3-UnityLifecycle,N,Semgrep,False,TN,Category3-UnityLifecycle/3.3N_UnityLifecycle_OnEnableOnDisable_Reassign_33_N.cs
3.3N,1.3N,Category3-UnityLifecycle,N,VRTaint,False,TN,Category3-UnityLifecycle/3.3N_UnityLifecycle_OnEnableOnDisable_Reassign_33_N.cs
3.3P,1.3P,Category3-UnityLifecycle,P,CodeQL,False,FN,Category3-UnityLifecycle/3.3P_UnityLifecycle_OnEnableOnDisable_33_P.cs
3.3P,1.3P,Category3-UnityLifecycle,P,Semgrep,False,FN,Category3-UnityLifecycle/3.3P_UnityLifecycle_OnEnableOnDisable_33_P.cs
3.3P,1.3P,Category3-UnityLifecycle,P,VRTaint,True,TP,Category3-UnityLifecycle/3.3P_UnityLifecycle_OnEnableOnDisable_33_P.cs
3.4N,1.4N,Category3-UnityLifecycle,N,CodeQL,False,TN,Category3-UnityLifecycle/3.4N_UnityLifecycle_FixedUpdateLateUpdate_Clamp_34_N.cs
3.4N,1.4N,Category3-UnityLifecycle,N,Semgrep,False,TN,Category3-UnityLifecycle/3.4N_UnityLifecycle_FixedUpdateLateUpdate_Clamp_34_N.cs
3.4N,1.4N,Category3-UnityLifecycle,N,VRTaint,False,TN,Category3-UnityLifecycle/3.4N_UnityLifecycle_FixedUpdateLateUpdate_Clamp_34_N.cs
3.4P,1.4P,Category3-UnityLifecycle,P,CodeQL,False,FN,Category3-UnityLifecycle/3.4P_UnityLifecycle_FixedUpdateLateUpdate_34_P.cs
3.4P,1.4P,Category3-UnityLifecycle,P,Semgrep,False,FN,Category3-UnityLifecycle/3.4P_UnityLifecycle_FixedUpdateLateUpdate_34_P.cs
3.4P,1.4P,Category3-UnityLifecycle,P,VRTaint,True,TP,Category3-UnityLifecycle/3.4P_UnityLifecycle_FixedUpdateLateUpdate_34_P.cs
3.5N,1.5N,Category3-UnityLifecycle,N,CodeQL,False,TN,Category3-UnityLifecycle/3.5N_UnityLifecycle_UpdateSelfLoop_LogBarrier_35_N.cs
3.5N,1.5N,Category3-UnityLifecycle,N,Semgrep,False,TN,Category3-UnityLifecycle/3.5N_UnityLifecycle_UpdateSelfLoop_LogBarrier_35_N.cs
3.5N,1.5N,Category3-UnityLifecycle,N,VRTaint,False,TN,Category3-UnityLifecycle/3.5N_UnityLifecycle_UpdateSelfLoop_LogBarrier_35_N.cs
3.5P,1.5P,Category3-UnityLifecycle,P,CodeQL,False,FN,Category3-UnityLifecycle/3.5P_UnityLifecycle_UpdateSelfLoop_35_P.cs
3.5P,1.5P,Category3-UnityLifecycle,P,Semgrep,False,FN,Category3-UnityLifecycle/3.5P_UnityLifecycle_UpdateSelfLoop_35_P.cs
3.5P,1.5P,Category3-UnityLifecycle,P,VRTaint,True,TP,Category3-UnityLifecycle/3.5P_UnityLifecycle_UpdateSelfLoop_35_P.cs
3.6N,1.6N,Category3-UnityLifecycle,N,CodeQL,False,TN,Category3-UnityLifecycle/3.6N_UnityLifecycle_Chain_AwakeStartUpdate_Barrier_36_N.cs
3.6N,1.6N,Category3-UnityLifecycle,N,Semgrep,False,TN,Category3-UnityLifecycle/3.6N_UnityLifecycle_Chain_AwakeStartUpdate_Barrier_36_N.cs
3.6N,1.6N,Category3-UnityLifecycle,N,VRTaint,False,TN,Category3-UnityLifecycle/3.6N_UnityLifecycle_Chain_AwakeStartUpdate_Barrier_36_N.cs
3.6P,1.6P,Category3-UnityLifecycle,P,CodeQL,False,FN,Category3-UnityLifecycle/3.6P_UnityLifecycle_Chain_AwakeStartUpdate_36_P.cs
3.6P,1.6P,Category3-UnityLifecycle,P,Semgrep,False,FN,Category3-UnityLifecycle/3.6P_UnityLifecycle_Chain_AwakeStartUpdate_36_P.cs
3.6P,1.6P,Category3-UnityLifecycle,P,VRTaint,True,TP,Category3-UnityLifecycle/3.6P_UnityLifecycle_Chain_AwakeStartUpdate_36_P.cs
3.7N,1.7N,Category3-UnityLifecycle,N,CodeQL,False,TN,Category3-UnityLifecycle/3.7N_UnityLifecycle_Branch_CFG_37_N.cs
3.7N,1.7N,Category3-UnityLifecycle,N,Semgrep,False,TN,Category3-UnityLifecycle/3.7N_UnityLifecycle_Branch_CFG_37_N.cs
3.7N,1.7N,Category3-UnityLifecycle,N,VRTaint,True,FP,Category3-UnityLifecycle/3.7N_UnityLifecycle_Branch_CFG_37_N.cs
3.7P,1.7P,Category3-UnityLifecycle,P,CodeQL,False,FN,Category3-UnityLifecycle/3.7P_UnityLifecycle_Branch_CFG_37_P.cs
3.7P,1.7P,Category3-UnityLifecycle,P,Semgrep,False,FN,Category3-UnityLifecycle/3.7P_UnityLifecycle_Branch_CFG_37_P.cs
3.7P,1.7P,Category3-UnityLifecycle,P,VRTaint,True,TP,Category3-UnityLifecycle/3.7P_UnityLifecycle_Branch_CFG_37_P.cs
3.8N,1.8N,Category3-UnityLifecycle,N,CodeQL,False,TN,Category3-UnityLifecycle/3.8N_UnityLifecycle_OutParameter_38_N.cs
3.8N,1.8N,Category3-UnityLifecycle,N,Semgrep,False,TN,Category3-UnityLifecycle/3.8N_UnityLifecycle_OutParameter_38_N.cs
3.8N,1.8N,Category3-UnityLifecycle,N,VRTaint,False,TN,Category3-UnityLifecycle/3.8N_UnityLifecycle_OutParameter_38_N.cs
3.8P,1.8P,Category3-UnityLifecycle,P,CodeQL,False,FN,Category3-UnityLifecycle/3.8P_UnityLifecycle_OutParameter_38_P.cs
3.8P,1.8P,Category3-UnityLifecycle,P,Semgrep,False,FN,Category3-UnityLifecycle/3.8P_UnityLifecycle_OutParameter_38_P.cs
3.8P,1.8P,Category3-UnityLifecycle,P,VRTaint,True,TP,Category3-UnityLifecycle/3.8P_UnityLifecycle_OutParameter_38_P.cs
3.9N,1.9N,Category3-UnityLifecycle,N,CodeQL,False,TN,Category3-UnityLifecycle/3.9N_UnityLifecycle_Complex_39_N.cs
3.9N,1.9N,Category3-UnityLifecycle,N,Semgrep,False,TN,Category3-UnityLifecycle/3.9N_UnityLifecycle_Complex_39_N.cs
3.9N,1.9N,Category3-UnityLifecycle,N,VRTaint,False,TN,Category3-UnityLifecycle/3.9N_UnityLifecycle_Complex_39_N.cs
3.9P,1.9P,Category3-UnityLifecycle,P,CodeQL,False,FN,Category3-UnityLifecycle/3.9P_UnityLifecycle_Complex_39_P.cs
3.9P,1.9P,Category3-UnityLifecycle,P,Semgrep,False,FN,Category3-UnityLifecycle/3.9P_UnityLifecycle_Complex_39_P.cs
3.9P,1.9P,Category3-UnityLifecycle,P,VRTaint,True,TP,Category3-UnityLifecycle/3.9P_UnityLifecycle_Complex_39_P.cs
3.10N,1.10N,Category3-UnityLifecycle,N,CodeQL,False,TN,Category3-UnityLifecycle/3.10N_UnityLifecycle_StartUpdate_MultiFrame_310_N.cs
3.10N,1.10N,Category3-UnityLifecycle,N,Semgrep,False,TN,Category3-UnityLifecycle/3.10N_UnityLifecycle_StartUpdate_MultiFrame_310_N.cs
3.10N,1.10N,Category3-UnityLifecycle,N,VRTaint,False,TN,Category3-UnityLifecycle/3.10N_UnityLifecycle_StartUpdate_MultiFrame_310_N.cs
3.10P,1.10P,Category3-UnityLifecycle,P,CodeQL,False,FN,Category3-UnityLifecycle/3.10P_UnityLifecycle_StartUpdate_MultiFrame_310_P.cs
3.10P,1.10P,Category3-UnityLifecycle,P,Semgrep,False,FN,Category3-UnityLifecycle/3.10P_UnityLifecycle_StartUpdate_MultiFrame_310_P.cs
3.10P,1.10P,Category3-UnityLifecycle,P,VRTaint,True,TP,Category3-UnityLifecycle/3.10P_UnityLifecycle_StartUpdate_MultiFrame_310_P.cs
3.11P,1.11P,Category3-UnityLifecycle,P,CodeQL,False,FN,Category3-UnityLifecycle/3.11P_UnityLifecycle_Flow_311_P.cs
3.11P,1.11P,Category3-UnityLifecycle,P,Semgrep,False,FN,Category3-UnityLifecycle/3.11P_UnityLifecycle_Flow_311_P.cs
3.11P,1.11P,Category3-UnityLifecycle,P,VRTaint,True,TP,Category3-UnityLifecycle/3.11P_UnityLifecycle_Flow_311_P.cs
3.12P,11.3P,Category3-UnityLifecycle,P,CodeQL,False,FN,Category3-UnityLifecycle/3.12P_UnityLifecycle_InheritedBase_312_P.cs
3.12P,11.3P,Category3-UnityLifecycle,P,Semgrep,False,FN,Category3-UnityLifecycle/3.12P_UnityLifecycle_InheritedBase_312_P.cs
3.12P,11.3P,Category3-UnityLifecycle,P,VRTaint,True,TP,Category3-UnityLifecycle/3.12P_UnityLifecycle_InheritedBase_312_P.cs
3.13P,11.6P,Category3-UnityLifecycle,P,CodeQL,False,FN,Category3-UnityLifecycle/3.13P_UnityLifecycle_ReenableCycle_313_P.cs
3.13P,11.6P,Category3-UnityLifecycle,P,Semgrep,False,FN,Category3-UnityLifecycle/3.13P_UnityLifecycle_ReenableCycle_313_P.cs
3.13P,11.6P,Category3-UnityLifecycle,P,VRTaint,False,FN,Category3-UnityLifecycle/3.13P_UnityLifecycle_ReenableCycle_313_P.cs
3.14P,11.7P,Category3-UnityLifecycle,P,CodeQL,False,FN,Category3-UnityLifecycle/3.14P_UnityLifecycle_DisableReenableClosure_314_P.cs
3.14P,11.7P,Category3-UnityLifecycle,P,Semgrep,False,FN,Category3-UnityLifecycle/3.14P_UnityLifecycle_DisableReenableClosure_314_P.cs
3.14P,11.7P,Category3-UnityLifecycle,P,VRTaint,True,TP,Category3-UnityLifecycle/3.14P_UnityLifecycle_DisableReenableClosure_314_P.cs
3.15P,11.8P,Category3-UnityLifecycle,P,CodeQL,False,FN,Category3-UnityLifecycle/3.15P_UnityLifecycle_ConditionalEventKill_315_P.cs
3.15P,11.8P,Category3-UnityLifecycle,P,Semgrep,False,FN,Category3-UnityLifecycle/3.15P_UnityLifecycle_ConditionalEventKill_315_P.cs
3.15P,11.8P,Category3-UnityLifecycle,P,VRTaint,True,TP,Category3-UnityLifecycle/3.15P_UnityLifecycle_ConditionalEventKill_315_P.cs
4.1N,10.2N,Category4-AsyncTemporal,N,CodeQL,True,FP,Category4-AsyncTemporal/4.1N_AsyncTemporal_AsyncAwaitDefiniteClean_41_N.cs
4.1N,10.2N,Category4-AsyncTemporal,N,Semgrep,False,TN,Category4-AsyncTemporal/4.1N_AsyncTemporal_AsyncAwaitDefiniteClean_41_N.cs
4.1N,10.2N,Category4-AsyncTemporal,N,VRTaint,True,FP,Category4-AsyncTemporal/4.1N_AsyncTemporal_AsyncAwaitDefiniteClean_41_N.cs
4.2P,13.4P,Category4-AsyncTemporal,P,CodeQL,True,TP,Category4-AsyncTemporal/4.2P_AsyncTemporal_DirectParameter_42_P.cs
4.2P,13.4P,Category4-AsyncTemporal,P,Semgrep,False,FN,Category4-AsyncTemporal/4.2P_AsyncTemporal_DirectParameter_42_P.cs
4.2P,13.4P,Category4-AsyncTemporal,P,VRTaint,True,TP,Category4-AsyncTemporal/4.2P_AsyncTemporal_DirectParameter_42_P.cs
4.3P,13.5P,Category4-AsyncTemporal,P,CodeQL,True,TP,Category4-AsyncTemporal/4.3P_AsyncTemporal_DirectField_43_P.cs
4.3P,13.5P,Category4-AsyncTemporal,P,Semgrep,False,FN,Category4-AsyncTemporal/4.3P_AsyncTemporal_DirectField_43_P.cs
4.3P,13.5P,Category4-AsyncTemporal,P,VRTaint,True,TP,Category4-AsyncTemporal/4.3P_AsyncTemporal_DirectField_43_P.cs
4.4N,13.6N,Category4-AsyncTemporal,N,CodeQL,False,TN,Category4-AsyncTemporal/4.4N_AsyncTemporal_WriteAfterDispatch_44_N.cs
4.4N,13.6N,Category4-AsyncTemporal,N,Semgrep,False,TN,Category4-AsyncTemporal/4.4N_AsyncTemporal_WriteAfterDispatch_44_N.cs
4.4N,13.6N,Category4-AsyncTemporal,N,VRTaint,False,TN,Category4-AsyncTemporal/4.4N_AsyncTemporal_WriteAfterDispatch_44_N.cs
4.5N,13.7N,Category4-AsyncTemporal,N,CodeQL,False,TN,Category4-AsyncTemporal/4.5N_AsyncTemporal_CancelInvoke_45_N.cs
4.5N,13.7N,Category4-AsyncTemporal,N,Semgrep,False,TN,Category4-AsyncTemporal/4.5N_AsyncTemporal_CancelInvoke_45_N.cs
4.5N,13.7N,Category4-AsyncTemporal,N,VRTaint,False,TN,Category4-AsyncTemporal/4.5N_AsyncTemporal_CancelInvoke_45_N.cs
4.6N,13.8N,Category4-AsyncTemporal,N,CodeQL,False,TN,Category4-AsyncTemporal/4.6N_AsyncTemporal_InvokeDelay_46_N.cs
4.6N,13.8N,Category4-AsyncTemporal,N,Semgrep,False,TN,Category4-AsyncTemporal/4.6N_AsyncTemporal_InvokeDelay_46_N.cs
4.6N,13.8N,Category4-AsyncTemporal,N,VRTaint,False,TN,Category4-AsyncTemporal/4.6N_AsyncTemporal_InvokeDelay_46_N.cs
4.7P,13.13P,Category4-AsyncTemporal,P,CodeQL,True,TP,Category4-AsyncTemporal/4.7P_AsyncTemporal_DirectHelper_47_P.cs
4.7P,13.13P,Category4-AsyncTemporal,P,Semgrep,False,FN,Category4-AsyncTemporal/4.7P_AsyncTemporal_DirectHelper_47_P.cs
4.7P,13.13P,Category4-AsyncTemporal,P,VRTaint,True,TP,Category4-AsyncTemporal/4.7P_AsyncTemporal_DirectHelper_47_P.cs
4.8N,13.15N,Category4-AsyncTemporal,N,CodeQL,False,TN,Category4-AsyncTemporal/4.8N_AsyncTemporal_DefiniteClean_48_N.cs
4.8N,13.15N,Category4-AsyncTemporal,N,Semgrep,False,TN,Category4-AsyncTemporal/4.8N_AsyncTemporal_DefiniteClean_48_N.cs
4.8N,13.15N,Category4-AsyncTemporal,N,VRTaint,False,TN,Category4-AsyncTemporal/4.8N_AsyncTemporal_DefiniteClean_48_N.cs
4.8P,13.15P,Category4-AsyncTemporal,P,CodeQL,True,TP,Category4-AsyncTemporal/4.8P_AsyncTemporal_ConditionalRewrite_48_P.cs
4.8P,13.15P,Category4-AsyncTemporal,P,Semgrep,False,FN,Category4-AsyncTemporal/4.8P_AsyncTemporal_ConditionalRewrite_48_P.cs
4.8P,13.15P,Category4-AsyncTemporal,P,VRTaint,True,TP,Category4-AsyncTemporal/4.8P_AsyncTemporal_ConditionalRewrite_48_P.cs
4.9N,13.17N,Category4-AsyncTemporal,N,CodeQL,False,TN,Category4-AsyncTemporal/4.9N_AsyncTemporal_InvokeRepeatingTiming_49_N.cs
4.9N,13.17N,Category4-AsyncTemporal,N,Semgrep,False,TN,Category4-AsyncTemporal/4.9N_AsyncTemporal_InvokeRepeatingTiming_49_N.cs
4.9N,13.17N,Category4-AsyncTemporal,N,VRTaint,False,TN,Category4-AsyncTemporal/4.9N_AsyncTemporal_InvokeRepeatingTiming_49_N.cs
4.9P,13.17P,Category4-AsyncTemporal,P,CodeQL,False,FN,Category4-AsyncTemporal/4.9P_AsyncTemporal_InvokeRepeatingField_49_P.cs
4.9P,13.17P,Category4-AsyncTemporal,P,Semgrep,False,FN,Category4-AsyncTemporal/4.9P_AsyncTemporal_InvokeRepeatingField_49_P.cs
4.9P,13.17P,Category4-AsyncTemporal,P,VRTaint,True,TP,Category4-AsyncTemporal/4.9P_AsyncTemporal_InvokeRepeatingField_49_P.cs
4.10P,13.19P,Category4-AsyncTemporal,P,CodeQL,True,TP,Category4-AsyncTemporal/4.10P_AsyncTemporal_PreYieldRead_410_P.cs
4.10P,13.19P,Category4-AsyncTemporal,P,Semgrep,False,FN,Category4-AsyncTemporal/4.10P_AsyncTemporal_PreYieldRead_410_P.cs
4.10P,13.19P,Category4-AsyncTemporal,P,VRTaint,True,TP,Category4-AsyncTemporal/4.10P_AsyncTemporal_PreYieldRead_410_P.cs
5.1N,4.1N,Category5-DynamicInvocation,N,CodeQL,False,TN,Category5-DynamicInvocation/5.1N_DynamicInvocation_Invoke_51_N.cs
5.1N,4.1N,Category5-DynamicInvocation,N,Semgrep,False,TN,Category5-DynamicInvocation/5.1N_DynamicInvocation_Invoke_51_N.cs
5.1N,4.1N,Category5-DynamicInvocation,N,VRTaint,False,TN,Category5-DynamicInvocation/5.1N_DynamicInvocation_Invoke_51_N.cs
5.1P,4.1P,Category5-DynamicInvocation,P,CodeQL,False,FN,Category5-DynamicInvocation/5.1P_DynamicInvocation_Invoke_51_P.cs
5.1P,4.1P,Category5-DynamicInvocation,P,Semgrep,False,FN,Category5-DynamicInvocation/5.1P_DynamicInvocation_Invoke_51_P.cs
5.1P,4.1P,Category5-DynamicInvocation,P,VRTaint,True,TP,Category5-DynamicInvocation/5.1P_DynamicInvocation_Invoke_51_P.cs
5.2N,4.1bN,Category5-DynamicInvocation,N,CodeQL,False,TN,Category5-DynamicInvocation/5.2N_DynamicInvocation_Invoke_Callback_52_N.cs
5.2N,4.1bN,Category5-DynamicInvocation,N,Semgrep,False,TN,Category5-DynamicInvocation/5.2N_DynamicInvocation_Invoke_Callback_52_N.cs
5.2N,4.1bN,Category5-DynamicInvocation,N,VRTaint,False,TN,Category5-DynamicInvocation/5.2N_DynamicInvocation_Invoke_Callback_52_N.cs
5.2P,4.1bP,Category5-DynamicInvocation,P,CodeQL,False,FN,Category5-DynamicInvocation/5.2P_DynamicInvocation_Invoke_Callback_52_P.cs
5.2P,4.1bP,Category5-DynamicInvocation,P,Semgrep,False,FN,Category5-DynamicInvocation/5.2P_DynamicInvocation_Invoke_Callback_52_P.cs
5.2P,4.1bP,Category5-DynamicInvocation,P,VRTaint,True,TP,Category5-DynamicInvocation/5.2P_DynamicInvocation_Invoke_Callback_52_P.cs
5.3N,4.2N,Category5-DynamicInvocation,N,CodeQL,False,TN,Category5-DynamicInvocation/5.3N_DynamicInvocation_StartCoroutine_53_N.cs
5.3N,4.2N,Category5-DynamicInvocation,N,Semgrep,False,TN,Category5-DynamicInvocation/5.3N_DynamicInvocation_StartCoroutine_53_N.cs
5.3N,4.2N,Category5-DynamicInvocation,N,VRTaint,False,TN,Category5-DynamicInvocation/5.3N_DynamicInvocation_StartCoroutine_53_N.cs
5.3P,4.2P,Category5-DynamicInvocation,P,CodeQL,False,FN,Category5-DynamicInvocation/5.3P_DynamicInvocation_StartCoroutine_53_P.cs
5.3P,4.2P,Category5-DynamicInvocation,P,Semgrep,False,FN,Category5-DynamicInvocation/5.3P_DynamicInvocation_StartCoroutine_53_P.cs
5.3P,4.2P,Category5-DynamicInvocation,P,VRTaint,True,TP,Category5-DynamicInvocation/5.3P_DynamicInvocation_StartCoroutine_53_P.cs
5.4N,4.2bN,Category5-DynamicInvocation,N,CodeQL,False,TN,Category5-DynamicInvocation/5.4N_DynamicInvocation_StartCoroutine_Callback_54_N.cs
5.4N,4.2bN,Category5-DynamicInvocation,N,Semgrep,False,TN,Category5-DynamicInvocation/5.4N_DynamicInvocation_StartCoroutine_Callback_54_N.cs
5.4N,4.2bN,Category5-DynamicInvocation,N,VRTaint,False,TN,Category5-DynamicInvocation/5.4N_DynamicInvocation_StartCoroutine_Callback_54_N.cs
5.4P,4.2bP,Category5-DynamicInvocation,P,CodeQL,False,FN,Category5-DynamicInvocation/5.4P_DynamicInvocation_StartCoroutine_Callback_54_P.cs
5.4P,4.2bP,Category5-DynamicInvocation,P,Semgrep,False,FN,Category5-DynamicInvocation/5.4P_DynamicInvocation_StartCoroutine_Callback_54_P.cs
5.4P,4.2bP,Category5-DynamicInvocation,P,VRTaint,True,TP,Category5-DynamicInvocation/5.4P_DynamicInvocation_StartCoroutine_Callback_54_P.cs
5.5N,4.3N,Category5-DynamicInvocation,N,CodeQL,False,TN,Category5-DynamicInvocation/5.5N_DynamicInvocation_SendMessage_55_N.cs
5.5N,4.3N,Category5-DynamicInvocation,N,Semgrep,False,TN,Category5-DynamicInvocation/5.5N_DynamicInvocation_SendMessage_55_N.cs
5.5N,4.3N,Category5-DynamicInvocation,N,VRTaint,False,TN,Category5-DynamicInvocation/5.5N_DynamicInvocation_SendMessage_55_N.cs
5.5P,4.3P,Category5-DynamicInvocation,P,CodeQL,False,FN,Category5-DynamicInvocation/5.5P_DynamicInvocation_SendMessage_55_P.cs
5.5P,4.3P,Category5-DynamicInvocation,P,Semgrep,False,FN,Category5-DynamicInvocation/5.5P_DynamicInvocation_SendMessage_55_P.cs
5.5P,4.3P,Category5-DynamicInvocation,P,VRTaint,True,TP,Category5-DynamicInvocation/5.5P_DynamicInvocation_SendMessage_55_P.cs
5.6N,4.3bN,Category5-DynamicInvocation,N,CodeQL,False,TN,Category5-DynamicInvocation/5.6N_DynamicInvocation_SendMessage_Callback_56_N.cs
5.6N,4.3bN,Category5-DynamicInvocation,N,Semgrep,False,TN,Category5-DynamicInvocation/5.6N_DynamicInvocation_SendMessage_Callback_56_N.cs
5.6N,4.3bN,Category5-DynamicInvocation,N,VRTaint,False,TN,Category5-DynamicInvocation/5.6N_DynamicInvocation_SendMessage_Callback_56_N.cs
5.6P,4.3bP,Category5-DynamicInvocation,P,CodeQL,False,FN,Category5-DynamicInvocation/5.6P_DynamicInvocation_SendMessage_Callback_56_P.cs
5.6P,4.3bP,Category5-DynamicInvocation,P,Semgrep,False,FN,Category5-DynamicInvocation/5.6P_DynamicInvocation_SendMessage_Callback_56_P.cs
5.6P,4.3bP,Category5-DynamicInvocation,P,VRTaint,True,TP,Category5-DynamicInvocation/5.6P_DynamicInvocation_SendMessage_Callback_56_P.cs
5.7N,4.4N,Category5-DynamicInvocation,N,CodeQL,False,TN,Category5-DynamicInvocation/5.7N_DynamicInvocation_MethodInfoInvoke_57_N.cs
5.7N,4.4N,Category5-DynamicInvocation,N,Semgrep,False,TN,Category5-DynamicInvocation/5.7N_DynamicInvocation_MethodInfoInvoke_57_N.cs
5.7N,4.4N,Category5-DynamicInvocation,N,VRTaint,False,TN,Category5-DynamicInvocation/5.7N_DynamicInvocation_MethodInfoInvoke_57_N.cs
5.7P,4.4P,Category5-DynamicInvocation,P,CodeQL,False,FN,Category5-DynamicInvocation/5.7P_DynamicInvocation_MethodInfoInvoke_57_P.cs
5.7P,4.4P,Category5-DynamicInvocation,P,Semgrep,False,FN,Category5-DynamicInvocation/5.7P_DynamicInvocation_MethodInfoInvoke_57_P.cs
5.7P,4.4P,Category5-DynamicInvocation,P,VRTaint,True,TP,Category5-DynamicInvocation/5.7P_DynamicInvocation_MethodInfoInvoke_57_P.cs
5.8N,4.4bN,Category5-DynamicInvocation,N,CodeQL,False,TN,Category5-DynamicInvocation/5.8N_DynamicInvocation_MethodInfoInvoke_Callback_58_N.cs
5.8N,4.4bN,Category5-DynamicInvocation,N,Semgrep,False,TN,Category5-DynamicInvocation/5.8N_DynamicInvocation_MethodInfoInvoke_Callback_58_N.cs
5.8N,4.4bN,Category5-DynamicInvocation,N,VRTaint,False,TN,Category5-DynamicInvocation/5.8N_DynamicInvocation_MethodInfoInvoke_Callback_58_N.cs
5.8P,4.4bP,Category5-DynamicInvocation,P,CodeQL,False,FN,Category5-DynamicInvocation/5.8P_DynamicInvocation_MethodInfoInvoke_Callback_58_P.cs
5.8P,4.4bP,Category5-DynamicInvocation,P,Semgrep,False,FN,Category5-DynamicInvocation/5.8P_DynamicInvocation_MethodInfoInvoke_Callback_58_P.cs
5.8P,4.4bP,Category5-DynamicInvocation,P,VRTaint,True,TP,Category5-DynamicInvocation/5.8P_DynamicInvocation_MethodInfoInvoke_Callback_58_P.cs
5.9N,4.5N,Category5-DynamicInvocation,N,CodeQL,False,TN,Category5-DynamicInvocation/5.9N_DynamicInvocation_Activator_59_N.cs
5.9N,4.5N,Category5-DynamicInvocation,N,Semgrep,False,TN,Category5-DynamicInvocation/5.9N_DynamicInvocation_Activator_59_N.cs
5.9N,4.5N,Category5-DynamicInvocation,N,VRTaint,False,TN,Category5-DynamicInvocation/5.9N_DynamicInvocation_Activator_59_N.cs
5.9P,4.5P,Category5-DynamicInvocation,P,CodeQL,False,FN,Category5-DynamicInvocation/5.9P_DynamicInvocation_Activator_59_P.cs
5.9P,4.5P,Category5-DynamicInvocation,P,Semgrep,False,FN,Category5-DynamicInvocation/5.9P_DynamicInvocation_Activator_59_P.cs
5.9P,4.5P,Category5-DynamicInvocation,P,VRTaint,True,TP,Category5-DynamicInvocation/5.9P_DynamicInvocation_Activator_59_P.cs
5.10P,10.8P,Category5-DynamicInvocation,P,CodeQL,False,FN,Category5-DynamicInvocation/5.10P_DynamicInvocation_ConcatenatedInvokeCallback_510_P.cs
5.10P,10.8P,Category5-DynamicInvocation,P,Semgrep,False,FN,Category5-DynamicInvocation/5.10P_DynamicInvocation_ConcatenatedInvokeCallback_510_P.cs
5.10P,10.8P,Category5-DynamicInvocation,P,VRTaint,False,FN,Category5-DynamicInvocation/5.10P_DynamicInvocation_ConcatenatedInvokeCallback_510_P.cs
5.11P,13.2P,Category5-DynamicInvocation,P,CodeQL,False,FN,Category5-DynamicInvocation/5.11P_DynamicInvocation_Nameof_511_P.cs
5.11P,13.2P,Category5-DynamicInvocation,P,Semgrep,False,FN,Category5-DynamicInvocation/5.11P_DynamicInvocation_Nameof_511_P.cs
5.11P,13.2P,Category5-DynamicInvocation,P,VRTaint,True,TP,Category5-DynamicInvocation/5.11P_DynamicInvocation_Nameof_511_P.cs
5.12P,13.3P,Category5-DynamicInvocation,P,CodeQL,False,FN,Category5-DynamicInvocation/5.12P_DynamicInvocation_StringPayload_512_P.cs
5.12P,13.3P,Category5-DynamicInvocation,P,Semgrep,False,FN,Category5-DynamicInvocation/5.12P_DynamicInvocation_StringPayload_512_P.cs
5.12P,13.3P,Category5-DynamicInvocation,P,VRTaint,True,TP,Category5-DynamicInvocation/5.12P_DynamicInvocation_StringPayload_512_P.cs
5.13N,13.9N,Category5-DynamicInvocation,N,CodeQL,False,TN,Category5-DynamicInvocation/5.13N_DynamicInvocation_CustomApi_513_N.cs
5.13N,13.9N,Category5-DynamicInvocation,N,Semgrep,False,TN,Category5-DynamicInvocation/5.13N_DynamicInvocation_CustomApi_513_N.cs
5.13N,13.9N,Category5-DynamicInvocation,N,VRTaint,False,TN,Category5-DynamicInvocation/5.13N_DynamicInvocation_CustomApi_513_N.cs
5.14N,13.10N,Category5-DynamicInvocation,N,CodeQL,False,TN,Category5-DynamicInvocation/5.14N_DynamicInvocation_WrongOverload_514_N.cs
5.14N,13.10N,Category5-DynamicInvocation,N,Semgrep,False,TN,Category5-DynamicInvocation/5.14N_DynamicInvocation_WrongOverload_514_N.cs
5.14N,13.10N,Category5-DynamicInvocation,N,VRTaint,False,TN,Category5-DynamicInvocation/5.14N_DynamicInvocation_WrongOverload_514_N.cs
5.15N,13.11N,Category5-DynamicInvocation,N,CodeQL,False,TN,Category5-DynamicInvocation/5.15N_DynamicInvocation_WrongReceiver_515_N.cs
5.15N,13.11N,Category5-DynamicInvocation,N,Semgrep,False,TN,Category5-DynamicInvocation/5.15N_DynamicInvocation_WrongReceiver_515_N.cs
5.15N,13.11N,Category5-DynamicInvocation,N,VRTaint,False,TN,Category5-DynamicInvocation/5.15N_DynamicInvocation_WrongReceiver_515_N.cs
5.16P,13.14P,Category5-DynamicInvocation,P,CodeQL,True,TP,Category5-DynamicInvocation/5.16P_DynamicInvocation_Inherited_516_P.cs
5.16P,13.14P,Category5-DynamicInvocation,P,Semgrep,False,FN,Category5-DynamicInvocation/5.16P_DynamicInvocation_Inherited_516_P.cs
5.16P,13.14P,Category5-DynamicInvocation,P,VRTaint,True,TP,Category5-DynamicInvocation/5.16P_DynamicInvocation_Inherited_516_P.cs
5.17P,13.23P,Category5-DynamicInvocation,P,CodeQL,False,FN,Category5-DynamicInvocation/5.17P_DynamicInvocation_BroadcastMessagePayload_517_P.cs
5.17P,13.23P,Category5-DynamicInvocation,P,Semgrep,False,FN,Category5-DynamicInvocation/5.17P_DynamicInvocation_BroadcastMessagePayload_517_P.cs
5.17P,13.23P,Category5-DynamicInvocation,P,VRTaint,True,TP,Category5-DynamicInvocation/5.17P_DynamicInvocation_BroadcastMessagePayload_517_P.cs
6.1N,3.1N,Category6-RuntimeEventDispatch,N,CodeQL,False,TN,Category6-RuntimeEventDispatch/6.1N_RuntimeEventDispatch_AddListener_61_N.cs
6.1N,3.1N,Category6-RuntimeEventDispatch,N,Semgrep,False,TN,Category6-RuntimeEventDispatch/6.1N_RuntimeEventDispatch_AddListener_61_N.cs
6.1N,3.1N,Category6-RuntimeEventDispatch,N,VRTaint,False,TN,Category6-RuntimeEventDispatch/6.1N_RuntimeEventDispatch_AddListener_61_N.cs
6.1P,3.1P,Category6-RuntimeEventDispatch,P,CodeQL,False,FN,Category6-RuntimeEventDispatch/6.1P_RuntimeEventDispatch_AddListener_61_P.cs
6.1P,3.1P,Category6-RuntimeEventDispatch,P,Semgrep,False,FN,Category6-RuntimeEventDispatch/6.1P_RuntimeEventDispatch_AddListener_61_P.cs
6.1P,3.1P,Category6-RuntimeEventDispatch,P,VRTaint,True,TP,Category6-RuntimeEventDispatch/6.1P_RuntimeEventDispatch_AddListener_61_P.cs
6.2N,3.3N,Category6-RuntimeEventDispatch,N,CodeQL,False,TN,Category6-RuntimeEventDispatch/6.2N_RuntimeEventDispatch_Generic_62_N.cs
6.2N,3.3N,Category6-RuntimeEventDispatch,N,Semgrep,False,TN,Category6-RuntimeEventDispatch/6.2N_RuntimeEventDispatch_Generic_62_N.cs
6.2N,3.3N,Category6-RuntimeEventDispatch,N,VRTaint,False,TN,Category6-RuntimeEventDispatch/6.2N_RuntimeEventDispatch_Generic_62_N.cs
6.2P,3.3P,Category6-RuntimeEventDispatch,P,CodeQL,False,FN,Category6-RuntimeEventDispatch/6.2P_RuntimeEventDispatch_Generic_62_P.cs
6.2P,3.3P,Category6-RuntimeEventDispatch,P,Semgrep,False,FN,Category6-RuntimeEventDispatch/6.2P_RuntimeEventDispatch_Generic_62_P.cs
6.2P,3.3P,Category6-RuntimeEventDispatch,P,VRTaint,True,TP,Category6-RuntimeEventDispatch/6.2P_RuntimeEventDispatch_Generic_62_P.cs
6.3N,3.4N,Category6-RuntimeEventDispatch,N,CodeQL,False,TN,Category6-RuntimeEventDispatch/6.3N_RuntimeEventDispatch_MultiListener_63_N.cs
6.3N,3.4N,Category6-RuntimeEventDispatch,N,Semgrep,False,TN,Category6-RuntimeEventDispatch/6.3N_RuntimeEventDispatch_MultiListener_63_N.cs
6.3N,3.4N,Category6-RuntimeEventDispatch,N,VRTaint,False,TN,Category6-RuntimeEventDispatch/6.3N_RuntimeEventDispatch_MultiListener_63_N.cs
6.3P,3.4P,Category6-RuntimeEventDispatch,P,CodeQL,False,FN,Category6-RuntimeEventDispatch/6.3P_RuntimeEventDispatch_MultiListener_63_P.cs
6.3P,3.4P,Category6-RuntimeEventDispatch,P,Semgrep,False,FN,Category6-RuntimeEventDispatch/6.3P_RuntimeEventDispatch_MultiListener_63_P.cs
6.3P,3.4P,Category6-RuntimeEventDispatch,P,VRTaint,True,TP,Category6-RuntimeEventDispatch/6.3P_RuntimeEventDispatch_MultiListener_63_P.cs
7.1N,3.2N,Category7-ConfigurationRecoveredEdges,N,CodeQL,False,TN,Category7-ConfigurationRecoveredEdges/7.1N_ConfigurationRecoveredEdges_Listener_Events_PanelBind_71_N.cs;Category7-ConfigurationRecoveredEdges/7.1N_ConfigurationRecoveredEdges_Source_Events_PanelBind_71_N.cs
7.1N,3.2N,Category7-ConfigurationRecoveredEdges,N,Semgrep,False,TN,Category7-ConfigurationRecoveredEdges/7.1N_ConfigurationRecoveredEdges_Listener_Events_PanelBind_71_N.cs;Category7-ConfigurationRecoveredEdges/7.1N_ConfigurationRecoveredEdges_Source_Events_PanelBind_71_N.cs
7.1N,3.2N,Category7-ConfigurationRecoveredEdges,N,VRTaint,False,TN,Category7-ConfigurationRecoveredEdges/7.1N_ConfigurationRecoveredEdges_Listener_Events_PanelBind_71_N.cs;Category7-ConfigurationRecoveredEdges/7.1N_ConfigurationRecoveredEdges_Source_Events_PanelBind_71_N.cs
7.1P,3.2P,Category7-ConfigurationRecoveredEdges,P,CodeQL,False,FN,Category7-ConfigurationRecoveredEdges/7.1P_ConfigurationRecoveredEdges_Listener_Events_PanelBind_71_P.cs;Category7-ConfigurationRecoveredEdges/7.1P_ConfigurationRecoveredEdges_Source_Events_PanelBind_71_P.cs
7.1P,3.2P,Category7-ConfigurationRecoveredEdges,P,Semgrep,False,FN,Category7-ConfigurationRecoveredEdges/7.1P_ConfigurationRecoveredEdges_Listener_Events_PanelBind_71_P.cs;Category7-ConfigurationRecoveredEdges/7.1P_ConfigurationRecoveredEdges_Source_Events_PanelBind_71_P.cs
7.1P,3.2P,Category7-ConfigurationRecoveredEdges,P,VRTaint,True,TP,Category7-ConfigurationRecoveredEdges/7.1P_ConfigurationRecoveredEdges_Listener_Events_PanelBind_71_P.cs;Category7-ConfigurationRecoveredEdges/7.1P_ConfigurationRecoveredEdges_Source_Events_PanelBind_71_P.cs
7.2N,14.1N,Category7-ConfigurationRecoveredEdges,N,CodeQL,False,TN,Category7-ConfigurationRecoveredEdges/7.2N_ConfigurationRecoveredEdges_UnrelatedEventOwner_72_N.cs;Category7-ConfigurationRecoveredEdges/7.2N_ConfigurationRecoveredEdges_UnrelatedEventTarget_72_N.cs
7.2N,14.1N,Category7-ConfigurationRecoveredEdges,N,Semgrep,False,TN,Category7-ConfigurationRecoveredEdges/7.2N_ConfigurationRecoveredEdges_UnrelatedEventOwner_72_N.cs;Category7-ConfigurationRecoveredEdges/7.2N_ConfigurationRecoveredEdges_UnrelatedEventTarget_72_N.cs
7.2N,14.1N,Category7-ConfigurationRecoveredEdges,N,VRTaint,False,TN,Category7-ConfigurationRecoveredEdges/7.2N_ConfigurationRecoveredEdges_UnrelatedEventOwner_72_N.cs;Category7-ConfigurationRecoveredEdges/7.2N_ConfigurationRecoveredEdges_UnrelatedEventTarget_72_N.cs
7.3P,14.2P,Category7-ConfigurationRecoveredEdges,P,CodeQL,False,FN,Category7-ConfigurationRecoveredEdges/7.3P_ConfigurationRecoveredEdges_InheritedEventOwner_73_P.cs;Category7-ConfigurationRecoveredEdges/7.3P_ConfigurationRecoveredEdges_InheritedEventTarget_73_P.cs
7.3P,14.2P,Category7-ConfigurationRecoveredEdges,P,Semgrep,False,FN,Category7-ConfigurationRecoveredEdges/7.3P_ConfigurationRecoveredEdges_InheritedEventOwner_73_P.cs;Category7-ConfigurationRecoveredEdges/7.3P_ConfigurationRecoveredEdges_InheritedEventTarget_73_P.cs
7.3P,14.2P,Category7-ConfigurationRecoveredEdges,P,VRTaint,True,TP,Category7-ConfigurationRecoveredEdges/7.3P_ConfigurationRecoveredEdges_InheritedEventOwner_73_P.cs;Category7-ConfigurationRecoveredEdges/7.3P_ConfigurationRecoveredEdges_InheritedEventTarget_73_P.cs
7.4N,14.3N,Category7-ConfigurationRecoveredEdges,N,CodeQL,False,TN,Category7-ConfigurationRecoveredEdges/7.4N_ConfigurationRecoveredEdges_DistinctReferenceOwner_74_N.cs;Category7-ConfigurationRecoveredEdges/7.4N_ConfigurationRecoveredEdges_DistinctReferenceTarget_74_N.cs
7.4N,14.3N,Category7-ConfigurationRecoveredEdges,N,Semgrep,False,TN,Category7-ConfigurationRecoveredEdges/7.4N_ConfigurationRecoveredEdges_DistinctReferenceOwner_74_N.cs;Category7-ConfigurationRecoveredEdges/7.4N_ConfigurationRecoveredEdges_DistinctReferenceTarget_74_N.cs
7.4N,14.3N,Category7-ConfigurationRecoveredEdges,N,VRTaint,False,TN,Category7-ConfigurationRecoveredEdges/7.4N_ConfigurationRecoveredEdges_DistinctReferenceOwner_74_N.cs;Category7-ConfigurationRecoveredEdges/7.4N_ConfigurationRecoveredEdges_DistinctReferenceTarget_74_N.cs
7.4P,14.3P,Category7-ConfigurationRecoveredEdges,P,CodeQL,False,FN,Category7-ConfigurationRecoveredEdges/7.4P_ConfigurationRecoveredEdges_ReferenceOwner_74_P.cs;Category7-ConfigurationRecoveredEdges/7.4P_ConfigurationRecoveredEdges_ReferenceTarget_74_P.cs
7.4P,14.3P,Category7-ConfigurationRecoveredEdges,P,Semgrep,False,FN,Category7-ConfigurationRecoveredEdges/7.4P_ConfigurationRecoveredEdges_ReferenceOwner_74_P.cs;Category7-ConfigurationRecoveredEdges/7.4P_ConfigurationRecoveredEdges_ReferenceTarget_74_P.cs
7.4P,14.3P,Category7-ConfigurationRecoveredEdges,P,VRTaint,True,TP,Category7-ConfigurationRecoveredEdges/7.4P_ConfigurationRecoveredEdges_ReferenceOwner_74_P.cs;Category7-ConfigurationRecoveredEdges/7.4P_ConfigurationRecoveredEdges_ReferenceTarget_74_P.cs
7.5N,14.4N,Category7-ConfigurationRecoveredEdges,N,CodeQL,False,TN,Category7-ConfigurationRecoveredEdges/7.5N_ConfigurationRecoveredEdges_DisabledEventOwner_75_N.cs;Category7-ConfigurationRecoveredEdges/7.5N_ConfigurationRecoveredEdges_DisabledEventTarget_75_N.cs
7.5N,14.4N,Category7-ConfigurationRecoveredEdges,N,Semgrep,False,TN,Category7-ConfigurationRecoveredEdges/7.5N_ConfigurationRecoveredEdges_DisabledEventOwner_75_N.cs;Category7-ConfigurationRecoveredEdges/7.5N_ConfigurationRecoveredEdges_DisabledEventTarget_75_N.cs
7.5N,14.4N,Category7-ConfigurationRecoveredEdges,N,VRTaint,False,TN,Category7-ConfigurationRecoveredEdges/7.5N_ConfigurationRecoveredEdges_DisabledEventOwner_75_N.cs;Category7-ConfigurationRecoveredEdges/7.5N_ConfigurationRecoveredEdges_DisabledEventTarget_75_N.cs
7.6N,14.6N,Category7-ConfigurationRecoveredEdges,N,CodeQL,False,TN,Category7-ConfigurationRecoveredEdges/7.6N_ConfigurationRecoveredEdges_WrongArgumentOwner_76_N.cs;Category7-ConfigurationRecoveredEdges/7.6N_ConfigurationRecoveredEdges_WrongArgumentTarget_76_N.cs
7.6N,14.6N,Category7-ConfigurationRecoveredEdges,N,Semgrep,False,TN,Category7-ConfigurationRecoveredEdges/7.6N_ConfigurationRecoveredEdges_WrongArgumentOwner_76_N.cs;Category7-ConfigurationRecoveredEdges/7.6N_ConfigurationRecoveredEdges_WrongArgumentTarget_76_N.cs
7.6N,14.6N,Category7-ConfigurationRecoveredEdges,N,VRTaint,False,TN,Category7-ConfigurationRecoveredEdges/7.6N_ConfigurationRecoveredEdges_WrongArgumentOwner_76_N.cs;Category7-ConfigurationRecoveredEdges/7.6N_ConfigurationRecoveredEdges_WrongArgumentTarget_76_N.cs
7.6P,14.6P,Category7-ConfigurationRecoveredEdges,P,CodeQL,False,FN,Category7-ConfigurationRecoveredEdges/7.6P_ConfigurationRecoveredEdges_ArgumentIndexOwner_76_P.cs;Category7-ConfigurationRecoveredEdges/7.6P_ConfigurationRecoveredEdges_ArgumentIndexTarget_76_P.cs
7.6P,14.6P,Category7-ConfigurationRecoveredEdges,P,Semgrep,False,FN,Category7-ConfigurationRecoveredEdges/7.6P_ConfigurationRecoveredEdges_ArgumentIndexOwner_76_P.cs;Category7-ConfigurationRecoveredEdges/7.6P_ConfigurationRecoveredEdges_ArgumentIndexTarget_76_P.cs
7.6P,14.6P,Category7-ConfigurationRecoveredEdges,P,VRTaint,True,TP,Category7-ConfigurationRecoveredEdges/7.6P_ConfigurationRecoveredEdges_ArgumentIndexOwner_76_P.cs;Category7-ConfigurationRecoveredEdges/7.6P_ConfigurationRecoveredEdges_ArgumentIndexTarget_76_P.cs
7.7P,14.7P,Category7-ConfigurationRecoveredEdges,P,CodeQL,False,FN,Category7-ConfigurationRecoveredEdges/7.7P_ConfigurationRecoveredEdges_ReferenceReturnOwner_77_P.cs;Category7-ConfigurationRecoveredEdges/7.7P_ConfigurationRecoveredEdges_ReferenceReturnTarget_77_P.cs
7.7P,14.7P,Category7-ConfigurationRecoveredEdges,P,Semgrep,False,FN,Category7-ConfigurationRecoveredEdges/7.7P_ConfigurationRecoveredEdges_ReferenceReturnOwner_77_P.cs;Category7-ConfigurationRecoveredEdges/7.7P_ConfigurationRecoveredEdges_ReferenceReturnTarget_77_P.cs
7.7P,14.7P,Category7-ConfigurationRecoveredEdges,P,VRTaint,True,TP,Category7-ConfigurationRecoveredEdges/7.7P_ConfigurationRecoveredEdges_ReferenceReturnOwner_77_P.cs;Category7-ConfigurationRecoveredEdges/7.7P_ConfigurationRecoveredEdges_ReferenceReturnTarget_77_P.cs
8.1N,16.1N,Category8-Composite,N,CodeQL,False,TN,Category8-Composite/8.1N_Composite_CleanedAsyncEventOwner_81_N.cs;Category8-Composite/8.1N_Composite_CleanedAsyncEventTarget_81_N.cs
8.1N,16.1N,Category8-Composite,N,Semgrep,False,TN,Category8-Composite/8.1N_Composite_CleanedAsyncEventOwner_81_N.cs;Category8-Composite/8.1N_Composite_CleanedAsyncEventTarget_81_N.cs
8.1N,16.1N,Category8-Composite,N,VRTaint,False,TN,Category8-Composite/8.1N_Composite_CleanedAsyncEventOwner_81_N.cs;Category8-Composite/8.1N_Composite_CleanedAsyncEventTarget_81_N.cs
8.1P,16.1P,Category8-Composite,P,CodeQL,False,FN,Category8-Composite/8.1P_Composite_LifecycleAsyncEventOwner_81_P.cs;Category8-Composite/8.1P_Composite_LifecycleAsyncEventTarget_81_P.cs
8.1P,16.1P,Category8-Composite,P,Semgrep,False,FN,Category8-Composite/8.1P_Composite_LifecycleAsyncEventOwner_81_P.cs;Category8-Composite/8.1P_Composite_LifecycleAsyncEventTarget_81_P.cs
8.1P,16.1P,Category8-Composite,P,VRTaint,True,TP,Category8-Composite/8.1P_Composite_LifecycleAsyncEventOwner_81_P.cs;Category8-Composite/8.1P_Composite_LifecycleAsyncEventTarget_81_P.cs
8.2P,16.2P,Category8-Composite,P,CodeQL,False,FN,Category8-Composite/8.2P_Composite_ReferenceAsyncOwner_82_P.cs;Category8-Composite/8.2P_Composite_ReferenceAsyncTarget_82_P.cs
8.2P,16.2P,Category8-Composite,P,Semgrep,False,FN,Category8-Composite/8.2P_Composite_ReferenceAsyncOwner_82_P.cs;Category8-Composite/8.2P_Composite_ReferenceAsyncTarget_82_P.cs
8.2P,16.2P,Category8-Composite,P,VRTaint,True,TP,Category8-Composite/8.2P_Composite_ReferenceAsyncOwner_82_P.cs;Category8-Composite/8.2P_Composite_ReferenceAsyncTarget_82_P.cs
9.1N,17.1N,Category9-Privacy,N,CodeQL,False,TN,Category9-Privacy/9.1N_Privacy_DeviceIdentifierClean_91_N.cs
9.1N,17.1N,Category9-Privacy,N,Semgrep,False,TN,Category9-Privacy/9.1N_Privacy_DeviceIdentifierClean_91_N.cs
9.1N,17.1N,Category9-Privacy,N,VRTaint,False,TN,Category9-Privacy/9.1N_Privacy_DeviceIdentifierClean_91_N.cs
9.1P,17.1P,Category9-Privacy,P,CodeQL,True,TP,Category9-Privacy/9.1P_Privacy_DeviceIdentifierLog_91_P.cs
9.1P,17.1P,Category9-Privacy,P,Semgrep,True,TP,Category9-Privacy/9.1P_Privacy_DeviceIdentifierLog_91_P.cs
9.1P,17.1P,Category9-Privacy,P,VRTaint,True,TP,Category9-Privacy/9.1P_Privacy_DeviceIdentifierLog_91_P.cs
9.2N,17.2N,Category9-Privacy,N,CodeQL,False,TN,Category9-Privacy/9.2N_Privacy_NonSensitivePreference_92_N.cs
9.2N,17.2N,Category9-Privacy,N,Semgrep,False,TN,Category9-Privacy/9.2N_Privacy_NonSensitivePreference_92_N.cs
9.2N,17.2N,Category9-Privacy,N,VRTaint,False,TN,Category9-Privacy/9.2N_Privacy_NonSensitivePreference_92_N.cs
9.2P,17.2P,Category9-Privacy,P,CodeQL,True,TP,Category9-Privacy/9.2P_Privacy_PlayerPrefsTokenHttp_92_P.cs
9.2P,17.2P,Category9-Privacy,P,Semgrep,True,TP,Category9-Privacy/9.2P_Privacy_PlayerPrefsTokenHttp_92_P.cs
9.2P,17.2P,Category9-Privacy,P,VRTaint,True,TP,Category9-Privacy/9.2P_Privacy_PlayerPrefsTokenHttp_92_P.cs
9.3P,17.3P,Category9-Privacy,P,CodeQL,True,TP,Category9-Privacy/9.3P_Privacy_HeadPoseLog_93_P.cs
9.3P,17.3P,Category9-Privacy,P,Semgrep,False,FN,Category9-Privacy/9.3P_Privacy_HeadPoseLog_93_P.cs
9.3P,17.3P,Category9-Privacy,P,VRTaint,True,TP,Category9-Privacy/9.3P_Privacy_HeadPoseLog_93_P.cs
9.4P,17.4P,Category9-Privacy,P,CodeQL,True,TP,Category9-Privacy/9.4P_Privacy_MicrophoneLog_94_P.cs
9.4P,17.4P,Category9-Privacy,P,Semgrep,True,TP,Category9-Privacy/9.4P_Privacy_MicrophoneLog_94_P.cs
9.4P,17.4P,Category9-Privacy,P,VRTaint,True,TP,Category9-Privacy/9.4P_Privacy_MicrophoneLog_94_P.cs
9.5P,17.5P,Category9-Privacy,P,CodeQL,True,TP,Category9-Privacy/9.5P_Privacy_LocationLog_95_P.cs
9.5P,17.5P,Category9-Privacy,P,Semgrep,False,FN,Category9-Privacy/9.5P_Privacy_LocationLog_95_P.cs
9.5P,17.5P,Category9-Privacy,P,VRTaint,True,TP,Category9-Privacy/9.5P_Privacy_LocationLog_95_P.cs
9.6P,17.6P,Category9-Privacy,P,CodeQL,True,TP,Category9-Privacy/9.6P_Privacy_ClipboardHttp_96_P.cs
9.6P,17.6P,Category9-Privacy,P,Semgrep,False,FN,Category9-Privacy/9.6P_Privacy_ClipboardHttp_96_P.cs
9.6P,17.6P,Category9-Privacy,P,VRTaint,True,TP,Category9-Privacy/9.6P_Privacy_ClipboardHttp_96_P.cs
9.7P,17.7P,Category9-Privacy,P,CodeQL,False,FN,Category9-Privacy/9.7P_Privacy_LifecycleCoroutineLog_97_P.cs
9.7P,17.7P,Category9-Privacy,P,Semgrep,False,FN,Category9-Privacy/9.7P_Privacy_LifecycleCoroutineLog_97_P.cs
9.7P,17.7P,Category9-Privacy,P,VRTaint,True,TP,Category9-Privacy/9.7P_Privacy_LifecycleCoroutineLog_97_P.cs
