Database_Version,ResultFile
v1_20251106_1617,E:/1_my_project/dataset/vulnerability_dataset/CWE-465/Null Pointer/brandonmousseau_vhvr-mod_8476c6a49b512609fe35fcd2f3cc2910ce710cf4_pre\codeql-db_v1_20251106_1617\v1_20251106_1617_unity-vr-sensitive-apis.csv
v1_20251106_1617,E:/1_my_project/dataset/vulnerability_dataset/CWE-465/Null Pointer/CognitiveVR_cvr-sdk-unity_73aa6bf54bf86a5560479e27494cd13796881048_pre\codeql-db_v1_20251106_1617\v1_20251106_1617_unity-vr-sensitive-apis.csv
v1_20251106_1617,E:/1_my_project/dataset/vulnerability_dataset/CWE-465/Null Pointer/ExtendRealityLtd_VRTK_8739232c68150e646d6b6bfe467485da2bb6e8ed_pre\codeql-db_v1_20251106_1617\v1_20251106_1617_unity-vr-sensitive-apis.csv
v1_20251106_1618,E:/1_my_project/dataset/vulnerability_dataset/CWE-465/Null Pointer/ExtendRealityLtd_VRTK_f70d9a250524fc0d0a389659774a85d4e02486ef_pre\codeql-db_v1_20251106_1618\v1_20251106_1618_unity-vr-sensitive-apis.csv
v1_20251106_1618,E:/1_my_project/dataset/vulnerability_dataset/CWE-465/Null Pointer/ExtendRealityLtd_VRTK_3de1e482660acff457a4de1405b76362f7dca3eb_pre\codeql-db_v1_20251106_1618\v1_20251106_1618_unity-vr-sensitive-apis.csv
v1_20251106_1618,E:/1_my_project/dataset/vulnerability_dataset/CWE-465/Null Pointer/ExtendRealityLtd_VRTK_009d747d37a400839946dcea7fbb186913b5c9e6_pre\codeql-db_v1_20251106_1618\v1_20251106_1618_unity-vr-sensitive-apis.csv
v1_20251106_1619,E:/1_my_project/dataset/vulnerability_dataset/CWE-465/Null Pointer/gpvigano_VRTK-GearVR-Test_8739232c68150e646d6b6bfe467485da2bb6e8ed_pre\codeql-db_v1_20251106_1619\v1_20251106_1619_unity-vr-sensitive-apis.csv
v1_20251106_1619,E:/1_my_project/dataset/vulnerability_dataset/CWE-465/Null Pointer/gpvigano_VRTK-GearVR-Test_4e483f5512fdd517b6951c8f7d9a17b03f540111_pre\codeql-db_v1_20251106_1619\v1_20251106_1619_unity-vr-sensitive-apis.csv
v1_20251106_1619,E:/1_my_project/dataset/vulnerability_dataset/CWE-465/Null Pointer/gpvigano_VRTK-GearVR-Test_f70d9a250524fc0d0a389659774a85d4e02486ef_pre\codeql-db_v1_20251106_1619\v1_20251106_1619_unity-vr-sensitive-apis.csv
v1_20251106_1620,E:/1_my_project/dataset/vulnerability_dataset/CWE-465/Null Pointer/JaneliaSciComp_janelia-unity-toolkit_fa2a1c9ae72c32a47ac3937f05b30d97cc0790ef_pre\codeql-db_v1_20251106_1620\v1_20251106_1620_unity-vr-sensitive-apis.csv
v1_20251106_1620,E:/1_my_project/dataset/vulnerability_dataset/CWE-465/Null Pointer/microsoft_mixed-reality-extension-unity_015289e4b900be7ee15d7fe450b623f36934233f_pre\codeql-db_v1_20251106_1620\v1_20251106_1620_unity-vr-sensitive-apis.csv
v1_20251106_1620,E:/1_my_project/dataset/vulnerability_dataset/CWE-465/Null Pointer/microsoft_MixedReality-WebRTC_aa18b07bb9d9a508f3fd9d072c4ca13eca2bfbed_pre\codeql-db_v1_20251106_1620\v1_20251106_1620_unity-vr-sensitive-apis.csv
v1_20251106_1620,E:/1_my_project/dataset/vulnerability_dataset/CWE-465/Null Pointer/microsoft_MixedRealityToolkit-Unity_27d627a5a11b4f0743e4e7727d6ca92c8fdf5b2e_pre\codeql-db_v1_20251106_1620\v1_20251106_1620_unity-vr-sensitive-apis.csv
v1_20251106_1621,E:/1_my_project/dataset/vulnerability_dataset/CWE-465/Null Pointer/microsoft_MixedRealityToolkit-Unity_629e3b00b184d617bf6cd6c47ec280ee3f388816_pre\codeql-db_v1_20251106_1621\v1_20251106_1621_unity-vr-sensitive-apis.csv
v1_20251106_1622,E:/1_my_project/dataset/vulnerability_dataset/CWE-465/Null Pointer/microsoft_MixedRealityToolkit-Unity_3fa05183d1811aa5fee1dcf8d882991ce23b4084_pre\codeql-db_v1_20251106_1622\v1_20251106_1622_unity-vr-sensitive-apis.csv
v1_20251106_1622,E:/1_my_project/dataset/vulnerability_dataset/CWE-465/Null Pointer/osmosacademy_vr-passport_e2387ccc42a7aeb2fd98db97fed6ef24995fd16b_pre\codeql-db_v1_20251106_1622\v1_20251106_1622_unity-vr-sensitive-apis.csv
v1_20251106_1623,E:/1_my_project/dataset/vulnerability_dataset/CWE-465/Null Pointer/Unity-Technologies_EditorXR_d6a4363dcf0ac1190d3f36fdf71b93371e4f1124_pre\codeql-db_v1_20251106_1623\v1_20251106_1623_unity-vr-sensitive-apis.csv
v1_20251106_1623,E:/1_my_project/dataset/vulnerability_dataset/CWE-465/Null Pointer/vradarserver_vrs_c346b9f3e1741d53b0126ca972f835c0868496de_pre\codeql-db_v1_20251106_1623\v1_20251106_1623_unity-vr-sensitive-apis.csv
v1_20251106_1623,E:/1_my_project/dataset/vulnerability_dataset/CWE-465/Null Pointer/VRCFury_VRCFury_06e96d26fa14a1bf1936e625b5959184d00323bd_pre\codeql-db_v1_20251106_1623\v1_20251106_1623_unity-vr-sensitive-apis.csv
v1_20251106_1623,E:/1_my_project/dataset/vulnerability_dataset/CWE-465/Null Pointer/alvinquach_jpl-trek-vr_7f8b1e559c07748a2b204835c356d79e00ec7a85_pre\codeql-db_v1_20251106_1623\v1_20251106_1623_unity-vr-sensitive-apis.csv
v1_20251106_1624,E:/1_my_project/dataset/vulnerability_dataset/CWE-465/Null Pointer/brandonmousseau_vhvr-mod_855e43b9688e6591b080371c39ea62f22fa1068e_pre\codeql-db_v1_20251106_1624\v1_20251106_1624_unity-vr-sensitive-apis.csv
